recording_id,dataset,participant,subject,session,task,label,condition,original_pupil_valid_fraction,candidate_windows_4s,accepted_windows_4s,rejected_pupil_windows_4s,rejected_nonfinite_feature_windows_4s,available_4s,candidate_windows_8s,accepted_windows_8s,rejected_pupil_windows_8s,rejected_nonfinite_feature_windows_8s,available_8s,candidate_windows_16s,accepted_windows_16s,rejected_pupil_windows_16s,rejected_nonfinite_feature_windows_16s,available_16s,candidate_windows_24s,accepted_windows_24s,rejected_pupil_windows_24s,rejected_nonfinite_feature_windows_24s,available_24s,candidate_windows_32s,accepted_windows_32s,rejected_pupil_windows_32s,rejected_nonfinite_feature_windows_32s,available_32s,temporal_common_complete_case,first_unavailable_duration_seconds,exclusion_reason
experiment2::sub-01::ses-01::stim01,experiment2,experiment2::sub-01,sub-01,ses-01,stim01,1,attentive,1.0,89,89,0,0,True,44,44,0,0,True,21,21,0,0,True,14,14,0,0,True,10,10,0,0,True,True,,
experiment2::sub-01::ses-01::stim02,experiment2,experiment2::sub-01,sub-01,ses-01,stim02,1,attentive,1.0,68,68,0,0,True,33,33,0,0,True,16,16,0,0,True,10,10,0,0,True,7,7,0,0,True,True,,
experiment2::sub-01::ses-01::stim03,experiment2,experiment2::sub-01,sub-01,ses-01,stim03,1,attentive,1.0,191,191,0,0,True,95,95,0,0,True,47,47,0,0,True,31,31,0,0,True,23,23,0,0,True,True,,
experiment2::sub-01::ses-01::stim04,experiment2,experiment2::sub-01,sub-01,ses-01,stim04,1,attentive,1.0,181,181,0,0,True,90,90,0,0,True,44,44,0,0,True,29,29,0,0,True,21,21,0,0,True,True,,
experiment2::sub-01::ses-01::stim05,experiment2,experiment2::sub-01,sub-01,ses-01,stim05,1,attentive,1.0,72,72,0,0,True,35,35,0,0,True,17,17,0,0,True,11,11,0,0,True,8,8,0,0,True,True,,
experiment2::sub-01::ses-02::stim01,experiment2,experiment2::sub-01,sub-01,ses-02,stim01,0,distracted,1.0,89,89,0,0,True,44,44,0,0,True,21,21,0,0,True,14,14,0,0,True,10,10,0,0,True,True,,
experiment2::sub-01::ses-02::stim02,experiment2,experiment2::sub-01,sub-01,ses-02,stim02,0,distracted,1.0,68,68,0,0,True,33,33,0,0,True,16,16,0,0,True,10,10,0,0,True,7,7,0,0,True,True,,
experiment2::sub-01::ses-02::stim03,experiment2,experiment2::sub-01,sub-01,ses-02,stim03,0,distracted,1.0,191,191,0,0,True,95,95,0,0,True,47,47,0,0,True,31,31,0,0,True,23,23,0,0,True,True,,
experiment2::sub-01::ses-02::stim04,experiment2,experiment2::sub-01,sub-01,ses-02,stim04,0,distracted,1.0,181,181,0,0,True,90,90,0,0,True,44,44,0,0,True,29,29,0,0,True,21,21,0,0,True,True,,
experiment2::sub-01::ses-02::stim05,experiment2,experiment2::sub-01,sub-01,ses-02,stim05,0,distracted,1.0,72,72,0,0,True,35,35,0,0,True,17,17,0,0,True,11,11,0,0,True,8,8,0,0,True,True,,
experiment2::sub-02::ses-01::stim01,experiment2,experiment2::sub-02,sub-02,ses-01,stim01,1,attentive,1.0,89,89,0,0,True,44,44,0,0,True,21,21,0,0,True,14,14,0,0,True,10,10,0,0,True,True,,
experiment2::sub-02::ses-01::stim02,experiment2,experiment2::sub-02,sub-02,ses-01,stim02,1,attentive,1.0,68,68,0,0,True,33,33,0,0,True,16,16,0,0,True,10,10,0,0,True,7,7,0,0,True,True,,
experiment2::sub-02::ses-01::stim03,experiment2,experiment2::sub-02,sub-02,ses-01,stim03,1,attentive,1.0,191,191,0,0,True,95,95,0,0,True,47,47,0,0,True,31,31,0,0,True,23,23,0,0,True,True,,
experiment2::sub-02::ses-01::stim04,experiment2,experiment2::sub-02,sub-02,ses-01,stim04,1,attentive,1.0,181,181,0,0,True,90,90,0,0,True,44,44,0,0,True,29,29,0,0,True,21,21,0,0,True,True,,
experiment2::sub-02::ses-01::stim05,experiment2,experiment2::sub-02,sub-02,ses-01,stim05,1,attentive,1.0,72,72,0,0,True,35,35,0,0,True,17,17,0,0,True,11,11,0,0,True,8,8,0,0,True,True,,
experiment2::sub-02::ses-02::stim01,experiment2,experiment2::sub-02,sub-02,ses-02,stim01,0,distracted,1.0,89,89,0,0,True,44,44,0,0,True,21,21,0,0,True,14,14,0,0,True,10,10,0,0,True,True,,
experiment2::sub-02::ses-02::stim02,experiment2,experiment2::sub-02,sub-02,ses-02,stim02,0,distracted,1.0,68,68,0,0,True,33,33,0,0,True,16,16,0,0,True,10,10,0,0,True,7,7,0,0,True,True,,
experiment2::sub-02::ses-02::stim03,experiment2,experiment2::sub-02,sub-02,ses-02,stim03,0,distracted,1.0,191,191,0,0,True,95,95,0,0,True,47,47,0,0,True,31,31,0,0,True,23,23,0,0,True,True,,
experiment2::sub-02::ses-02::stim04,experiment2,experiment2::sub-02,sub-02,ses-02,stim04,0,distracted,1.0,181,181,0,0,True,90,90,0,0,True,44,44,0,0,True,29,29,0,0,True,21,21,0,0,True,True,,
experiment2::sub-02::ses-02::stim05,experiment2,experiment2::sub-02,sub-02,ses-02,stim05,0,distracted,1.0,72,72,0,0,True,35,35,0,0,True,17,17,0,0,True,11,11,0,0,True,8,8,0,0,True,True,,
experiment2::sub-03::ses-01::stim01,experiment2,experiment2::sub-03,sub-03,ses-01,stim01,1,attentive,1.0,89,89,0,0,True,44,44,0,0,True,21,21,0,0,True,14,14,0,0,True,10,10,0,0,True,True,,
experiment2::sub-03::ses-01::stim02,experiment2,experiment2::sub-03,sub-03,ses-01,stim02,1,attentive,1.0,68,68,0,0,True,33,33,0,0,True,16,16,0,0,True,10,10,0,0,True,7,7,0,0,True,True,,
experiment2::sub-03::ses-01::stim03,experiment2,experiment2::sub-03,sub-03,ses-01,stim03,1,attentive,1.0,191,191,0,0,True,95,95,0,0,True,47,47,0,0,True,31,31,0,0,True,23,23,0,0,True,True,,
experiment2::sub-03::ses-01::stim04,experiment2,experiment2::sub-03,sub-03,ses-01,stim04,1,attentive,1.0,181,181,0,0,True,90,90,0,0,True,44,44,0,0,True,29,29,0,0,True,21,21,0,0,True,True,,
experiment2::sub-03::ses-01::stim05,experiment2,experiment2::sub-03,sub-03,ses-01,stim05,1,attentive,1.0,72,72,0,0,True,35,35,0,0,True,17,17,0,0,True,11,11,0,0,True,8,8,0,0,True,True,,
experiment2::sub-03::ses-02::stim01,experiment2,experiment2::sub-03,sub-03,ses-02,stim01,0,distracted,1.0,89,89,0,0,True,44,44,0,0,True,21,21,0,0,True,14,14,0,0,True,10,10,0,0,True,True,,
experiment2::sub-03::ses-02::stim02,experiment2,experiment2::sub-03,sub-03,ses-02,stim02,0,distracted,1.0,68,68,0,0,True,33,33,0,0,True,16,16,0,0,True,10,10,0,0,True,7,7,0,0,True,True,,
experiment2::sub-03::ses-02::stim03,experiment2,experiment2::sub-03,sub-03,ses-02,stim03,0,distracted,1.0,191,191,0,0,True,95,95,0,0,True,47,47,0,0,True,31,31,0,0,True,23,23,0,0,True,True,,
experiment2::sub-03::ses-02::stim04,experiment2,experiment2::sub-03,sub-03,ses-02,stim04,0,distracted,1.0,181,181,0,0,True,90,90,0,0,True,44,44,0,0,True,29,29,0,0,True,21,21,0,0,True,True,,
experiment2::sub-03::ses-02::stim05,experiment2,experiment2::sub-03,sub-03,ses-02,stim05,0,distracted,1.0,72,72,0,0,True,35,35,0,0,True,17,17,0,0,True,11,11,0,0,True,8,8,0,0,True,True,,
experiment2::sub-05::ses-01::stim01,experiment2,experiment2::sub-05,sub-05,ses-01,stim01,1,attentive,1.0,89,89,0,0,True,44,44,0,0,True,21,21,0,0,True,14,14,0,0,True,10,10,0,0,True,True,,
experiment2::sub-05::ses-01::stim02,experiment2,experiment2::sub-05,sub-05,ses-01,stim02,1,attentive,1.0,68,68,0,0,True,33,33,0,0,True,16,16,0,0,True,10,10,0,0,True,7,7,0,0,True,True,,
experiment2::sub-05::ses-01::stim03,experiment2,experiment2::sub-05,sub-05,ses-01,stim03,1,attentive,1.0,191,191,0,0,True,95,95,0,0,True,47,47,0,0,True,31,31,0,0,True,23,23,0,0,True,True,,
experiment2::sub-05::ses-01::stim04,experiment2,experiment2::sub-05,sub-05,ses-01,stim04,1,attentive,1.0,181,181,0,0,True,90,90,0,0,True,44,44,0,0,True,29,29,0,0,True,21,21,0,0,True,True,,
experiment2::sub-05::ses-01::stim05,experiment2,experiment2::sub-05,sub-05,ses-01,stim05,1,attentive,1.0,72,72,0,0,True,35,35,0,0,True,17,17,0,0,True,11,11,0,0,True,8,8,0,0,True,True,,
experiment2::sub-05::ses-02::stim01,experiment2,experiment2::sub-05,sub-05,ses-02,stim01,0,distracted,1.0,89,89,0,0,True,44,44,0,0,True,21,21,0,0,True,14,14,0,0,True,10,10,0,0,True,True,,
experiment2::sub-05::ses-02::stim02,experiment2,experiment2::sub-05,sub-05,ses-02,stim02,0,distracted,1.0,68,68,0,0,True,33,33,0,0,True,16,16,0,0,True,10,10,0,0,True,7,7,0,0,True,True,,
experiment2::sub-05::ses-02::stim03,experiment2,experiment2::sub-05,sub-05,ses-02,stim03,0,distracted,1.0,191,191,0,0,True,95,95,0,0,True,47,47,0,0,True,31,31,0,0,True,23,23,0,0,True,True,,
experiment2::sub-05::ses-02::stim04,experiment2,experiment2::sub-05,sub-05,ses-02,stim04,0,distracted,1.0,181,181,0,0,True,90,90,0,0,True,44,44,0,0,True,29,29,0,0,True,21,21,0,0,True,True,,
experiment2::sub-05::ses-02::stim05,experiment2,experiment2::sub-05,sub-05,ses-02,stim05,0,distracted,1.0,72,72,0,0,True,35,35,0,0,True,17,17,0,0,True,11,11,0,0,True,8,8,0,0,True,True,,
experiment2::sub-07::ses-01::stim01,experiment2,experiment2::sub-07,sub-07,ses-01,stim01,1,attentive,1.0,89,89,0,0,True,44,44,0,0,True,21,21,0,0,True,14,14,0,0,True,10,10,0,0,True,True,,
experiment2::sub-07::ses-01::stim02,experiment2,experiment2::sub-07,sub-07,ses-01,stim02,1,attentive,1.0,68,68,0,0,True,33,33,0,0,True,16,16,0,0,True,10,10,0,0,True,7,7,0,0,True,True,,
experiment2::sub-07::ses-01::stim03,experiment2,experiment2::sub-07,sub-07,ses-01,stim03,1,attentive,0.9999799055561136,191,191,0,0,True,95,95,0,0,True,47,47,0,0,True,31,31,0,0,True,23,23,0,0,True,True,,
experiment2::sub-07::ses-01::stim04,experiment2,experiment2::sub-07,sub-07,ses-01,stim04,1,attentive,1.0,181,181,0,0,True,90,90,0,0,True,44,44,0,0,True,29,29,0,0,True,21,21,0,0,True,True,,
experiment2::sub-07::ses-01::stim05,experiment2,experiment2::sub-07,sub-07,ses-01,stim05,1,attentive,1.0,72,72,0,0,True,35,35,0,0,True,17,17,0,0,True,11,11,0,0,True,8,8,0,0,True,True,,
experiment2::sub-07::ses-02::stim01,experiment2,experiment2::sub-07,sub-07,ses-02,stim01,0,distracted,1.0,89,89,0,0,True,44,44,0,0,True,21,21,0,0,True,14,14,0,0,True,10,10,0,0,True,True,,
experiment2::sub-07::ses-02::stim02,experiment2,experiment2::sub-07,sub-07,ses-02,stim02,0,distracted,1.0,68,68,0,0,True,33,33,0,0,True,16,16,0,0,True,10,10,0,0,True,7,7,0,0,True,True,,
experiment2::sub-07::ses-02::stim03,experiment2,experiment2::sub-07,sub-07,ses-02,stim03,0,distracted,1.0,191,191,0,0,True,95,95,0,0,True,47,47,0,0,True,31,31,0,0,True,23,23,0,0,True,True,,
experiment2::sub-07::ses-02::stim04,experiment2,experiment2::sub-07,sub-07,ses-02,stim04,0,distracted,1.0,181,181,0,0,True,90,90,0,0,True,44,44,0,0,True,29,29,0,0,True,21,21,0,0,True,True,,
experiment2::sub-07::ses-02::stim05,experiment2,experiment2::sub-07,sub-07,ses-02,stim05,0,distracted,1.0,72,72,0,0,True,35,35,0,0,True,17,17,0,0,True,11,11,0,0,True,8,8,0,0,True,True,,
experiment2::sub-09::ses-01::stim01,experiment2,experiment2::sub-09,sub-09,ses-01,stim01,1,attentive,1.0,89,89,0,0,True,44,44,0,0,True,21,21,0,0,True,14,14,0,0,True,10,10,0,0,True,True,,
experiment2::sub-09::ses-01::stim02,experiment2,experiment2::sub-09,sub-09,ses-01,stim02,1,attentive,1.0,68,68,0,0,True,33,33,0,0,True,16,16,0,0,True,10,10,0,0,True,7,7,0,0,True,True,,
experiment2::sub-09::ses-01::stim03,experiment2,experiment2::sub-09,sub-09,ses-01,stim03,1,attentive,1.0,191,191,0,0,True,95,95,0,0,True,47,47,0,0,True,31,31,0,0,True,23,23,0,0,True,True,,
experiment2::sub-09::ses-01::stim04,experiment2,experiment2::sub-09,sub-09,ses-01,stim04,1,attentive,1.0,181,181,0,0,True,90,90,0,0,True,44,44,0,0,True,29,29,0,0,True,21,21,0,0,True,True,,
experiment2::sub-09::ses-01::stim05,experiment2,experiment2::sub-09,sub-09,ses-01,stim05,1,attentive,1.0,72,72,0,0,True,35,35,0,0,True,17,17,0,0,True,11,11,0,0,True,8,8,0,0,True,True,,
experiment2::sub-09::ses-02::stim01,experiment2,experiment2::sub-09,sub-09,ses-02,stim01,0,distracted,1.0,89,89,0,0,True,44,44,0,0,True,21,21,0,0,True,14,14,0,0,True,10,10,0,0,True,True,,
experiment2::sub-09::ses-02::stim02,experiment2,experiment2::sub-09,sub-09,ses-02,stim02,0,distracted,1.0,68,68,0,0,True,33,33,0,0,True,16,16,0,0,True,10,10,0,0,True,7,7,0,0,True,True,,
experiment2::sub-09::ses-02::stim03,experiment2,experiment2::sub-09,sub-09,ses-02,stim03,0,distracted,1.0,191,191,0,0,True,95,95,0,0,True,47,47,0,0,True,31,31,0,0,True,23,23,0,0,True,True,,
experiment2::sub-09::ses-02::stim04,experiment2,experiment2::sub-09,sub-09,ses-02,stim04,0,distracted,1.0,181,181,0,0,True,90,90,0,0,True,44,44,0,0,True,29,29,0,0,True,21,21,0,0,True,True,,
experiment2::sub-09::ses-02::stim05,experiment2,experiment2::sub-09,sub-09,ses-02,stim05,0,distracted,1.0,72,72,0,0,True,35,35,0,0,True,17,17,0,0,True,11,11,0,0,True,8,8,0,0,True,True,,
experiment2::sub-12::ses-01::stim01,experiment2,experiment2::sub-12,sub-12,ses-01,stim01,1,attentive,1.0,89,89,0,0,True,44,44,0,0,True,21,21,0,0,True,14,14,0,0,True,10,10,0,0,True,True,,
experiment2::sub-12::ses-01::stim02,experiment2,experiment2::sub-12,sub-12,ses-01,stim02,1,attentive,1.0,68,68,0,0,True,33,33,0,0,True,16,16,0,0,True,10,10,0,0,True,7,7,0,0,True,True,,
experiment2::sub-12::ses-01::stim03,experiment2,experiment2::sub-12,sub-12,ses-01,stim03,1,attentive,1.0,191,191,0,0,True,95,95,0,0,True,47,47,0,0,True,31,31,0,0,True,23,23,0,0,True,True,,
experiment2::sub-12::ses-01::stim04,experiment2,experiment2::sub-12,sub-12,ses-01,stim04,1,attentive,1.0,181,181,0,0,True,90,90,0,0,True,44,44,0,0,True,29,29,0,0,True,21,21,0,0,True,True,,
experiment2::sub-12::ses-01::stim05,experiment2,experiment2::sub-12,sub-12,ses-01,stim05,1,attentive,1.0,72,72,0,0,True,35,35,0,0,True,17,17,0,0,True,11,11,0,0,True,8,8,0,0,True,True,,
experiment2::sub-12::ses-02::stim01,experiment2,experiment2::sub-12,sub-12,ses-02,stim01,0,distracted,1.0,89,89,0,0,True,44,44,0,0,True,21,21,0,0,True,14,14,0,0,True,10,10,0,0,True,True,,
experiment2::sub-12::ses-02::stim02,experiment2,experiment2::sub-12,sub-12,ses-02,stim02,0,distracted,1.0,68,68,0,0,True,33,33,0,0,True,16,16,0,0,True,10,10,0,0,True,7,7,0,0,True,True,,
experiment2::sub-12::ses-02::stim03,experiment2,experiment2::sub-12,sub-12,ses-02,stim03,0,distracted,1.0,191,191,0,0,True,95,95,0,0,True,47,47,0,0,True,31,31,0,0,True,23,23,0,0,True,True,,
experiment2::sub-12::ses-02::stim04,experiment2,experiment2::sub-12,sub-12,ses-02,stim04,0,distracted,1.0,181,181,0,0,True,90,90,0,0,True,44,44,0,0,True,29,29,0,0,True,21,21,0,0,True,True,,
experiment2::sub-12::ses-02::stim05,experiment2,experiment2::sub-12,sub-12,ses-02,stim05,0,distracted,1.0,72,72,0,0,True,35,35,0,0,True,17,17,0,0,True,11,11,0,0,True,8,8,0,0,True,True,,
experiment2::sub-13::ses-01::stim01,experiment2,experiment2::sub-13,sub-13,ses-01,stim01,1,attentive,1.0,89,89,0,0,True,44,44,0,0,True,21,21,0,0,True,14,14,0,0,True,10,10,0,0,True,True,,
experiment2::sub-13::ses-01::stim02,experiment2,experiment2::sub-13,sub-13,ses-01,stim02,1,attentive,1.0,68,68,0,0,True,33,33,0,0,True,16,16,0,0,True,10,10,0,0,True,7,7,0,0,True,True,,
experiment2::sub-13::ses-01::stim03,experiment2,experiment2::sub-13,sub-13,ses-01,stim03,1,attentive,1.0,191,191,0,0,True,95,95,0,0,True,47,47,0,0,True,31,31,0,0,True,23,23,0,0,True,True,,
experiment2::sub-13::ses-01::stim04,experiment2,experiment2::sub-13,sub-13,ses-01,stim04,1,attentive,1.0,181,181,0,0,True,90,90,0,0,True,44,44,0,0,True,29,29,0,0,True,21,21,0,0,True,True,,
experiment2::sub-13::ses-01::stim05,experiment2,experiment2::sub-13,sub-13,ses-01,stim05,1,attentive,1.0,72,72,0,0,True,35,35,0,0,True,17,17,0,0,True,11,11,0,0,True,8,8,0,0,True,True,,
experiment2::sub-13::ses-02::stim01,experiment2,experiment2::sub-13,sub-13,ses-02,stim01,0,distracted,1.0,89,89,0,0,True,44,44,0,0,True,21,21,0,0,True,14,14,0,0,True,10,10,0,0,True,True,,
experiment2::sub-13::ses-02::stim02,experiment2,experiment2::sub-13,sub-13,ses-02,stim02,0,distracted,1.0,68,68,0,0,True,33,33,0,0,True,16,16,0,0,True,10,10,0,0,True,7,7,0,0,True,True,,
experiment2::sub-13::ses-02::stim03,experiment2,experiment2::sub-13,sub-13,ses-02,stim03,0,distracted,1.0,191,191,0,0,True,95,95,0,0,True,47,47,0,0,True,31,31,0,0,True,23,23,0,0,True,True,,
experiment2::sub-13::ses-02::stim04,experiment2,experiment2::sub-13,sub-13,ses-02,stim04,0,distracted,1.0,181,181,0,0,True,90,90,0,0,True,44,44,0,0,True,29,29,0,0,True,21,21,0,0,True,True,,
experiment2::sub-13::ses-02::stim05,experiment2,experiment2::sub-13,sub-13,ses-02,stim05,0,distracted,1.0,72,72,0,0,True,35,35,0,0,True,17,17,0,0,True,11,11,0,0,True,8,8,0,0,True,True,,
experiment2::sub-14::ses-01::stim01,experiment2,experiment2::sub-14,sub-14,ses-01,stim01,1,attentive,1.0,89,89,0,0,True,44,44,0,0,True,21,21,0,0,True,14,14,0,0,True,10,10,0,0,True,True,,
experiment2::sub-14::ses-01::stim02,experiment2,experiment2::sub-14,sub-14,ses-01,stim02,1,attentive,1.0,68,68,0,0,True,33,33,0,0,True,16,16,0,0,True,10,10,0,0,True,7,7,0,0,True,True,,
experiment2::sub-14::ses-01::stim03,experiment2,experiment2::sub-14,sub-14,ses-01,stim03,1,attentive,1.0,191,191,0,0,True,95,95,0,0,True,47,47,0,0,True,31,31,0,0,True,23,23,0,0,True,True,,
experiment2::sub-14::ses-01::stim04,experiment2,experiment2::sub-14,sub-14,ses-01,stim04,1,attentive,1.0,181,181,0,0,True,90,90,0,0,True,44,44,0,0,True,29,29,0,0,True,21,21,0,0,True,True,,
experiment2::sub-14::ses-01::stim05,experiment2,experiment2::sub-14,sub-14,ses-01,stim05,1,attentive,1.0,72,72,0,0,True,35,35,0,0,True,17,17,0,0,True,11,11,0,0,True,8,8,0,0,True,True,,
experiment2::sub-14::ses-02::stim01,experiment2,experiment2::sub-14,sub-14,ses-02,stim01,0,distracted,1.0,89,89,0,0,True,44,44,0,0,True,21,21,0,0,True,14,14,0,0,True,10,10,0,0,True,True,,
experiment2::sub-14::ses-02::stim02,experiment2,experiment2::sub-14,sub-14,ses-02,stim02,0,distracted,1.0,68,68,0,0,True,33,33,0,0,True,16,16,0,0,True,10,10,0,0,True,7,7,0,0,True,True,,
experiment2::sub-14::ses-02::stim03,experiment2,experiment2::sub-14,sub-14,ses-02,stim03,0,distracted,1.0,191,191,0,0,True,95,95,0,0,True,47,47,0,0,True,31,31,0,0,True,23,23,0,0,True,True,,
experiment2::sub-14::ses-02::stim04,experiment2,experiment2::sub-14,sub-14,ses-02,stim04,0,distracted,1.0,181,181,0,0,True,90,90,0,0,True,44,44,0,0,True,29,29,0,0,True,21,21,0,0,True,True,,
experiment2::sub-14::ses-02::stim05,experiment2,experiment2::sub-14,sub-14,ses-02,stim05,0,distracted,1.0,72,72,0,0,True,35,35,0,0,True,17,17,0,0,True,11,11,0,0,True,8,8,0,0,True,True,,
experiment2::sub-15::ses-01::stim01,experiment2,experiment2::sub-15,sub-15,ses-01,stim01,1,attentive,1.0,89,89,0,0,True,44,44,0,0,True,21,21,0,0,True,14,14,0,0,True,10,10,0,0,True,True,,
experiment2::sub-15::ses-01::stim02,experiment2,experiment2::sub-15,sub-15,ses-01,stim02,1,attentive,1.0,68,68,0,0,True,33,33,0,0,True,16,16,0,0,True,10,10,0,0,True,7,7,0,0,True,True,,
experiment2::sub-15::ses-01::stim03,experiment2,experiment2::sub-15,sub-15,ses-01,stim03,1,attentive,1.0,191,191,0,0,True,95,95,0,0,True,47,47,0,0,True,31,31,0,0,True,23,23,0,0,True,True,,
experiment2::sub-15::ses-01::stim04,experiment2,experiment2::sub-15,sub-15,ses-01,stim04,1,attentive,1.0,181,181,0,0,True,90,90,0,0,True,44,44,0,0,True,29,29,0,0,True,21,21,0,0,True,True,,
experiment2::sub-15::ses-01::stim05,experiment2,experiment2::sub-15,sub-15,ses-01,stim05,1,attentive,1.0,72,72,0,0,True,35,35,0,0,True,17,17,0,0,True,11,11,0,0,True,8,8,0,0,True,True,,
experiment2::sub-15::ses-02::stim01,experiment2,experiment2::sub-15,sub-15,ses-02,stim01,0,distracted,1.0,89,89,0,0,True,44,44,0,0,True,21,21,0,0,True,14,14,0,0,True,10,10,0,0,True,True,,
experiment2::sub-15::ses-02::stim02,experiment2,experiment2::sub-15,sub-15,ses-02,stim02,0,distracted,1.0,68,68,0,0,True,33,33,0,0,True,16,16,0,0,True,10,10,0,0,True,7,7,0,0,True,True,,
experiment2::sub-15::ses-02::stim03,experiment2,experiment2::sub-15,sub-15,ses-02,stim03,0,distracted,1.0,191,191,0,0,True,95,95,0,0,True,47,47,0,0,True,31,31,0,0,True,23,23,0,0,True,True,,
experiment2::sub-15::ses-02::stim04,experiment2,experiment2::sub-15,sub-15,ses-02,stim04,0,distracted,1.0,181,181,0,0,True,90,90,0,0,True,44,44,0,0,True,29,29,0,0,True,21,21,0,0,True,True,,
experiment2::sub-15::ses-02::stim05,experiment2,experiment2::sub-15,sub-15,ses-02,stim05,0,distracted,1.0,72,72,0,0,True,35,35,0,0,True,17,17,0,0,True,11,11,0,0,True,8,8,0,0,True,True,,
experiment2::sub-16::ses-01::stim01,experiment2,experiment2::sub-16,sub-16,ses-01,stim01,1,attentive,1.0,89,89,0,0,True,44,44,0,0,True,21,21,0,0,True,14,14,0,0,True,10,10,0,0,True,True,,
experiment2::sub-16::ses-01::stim02,experiment2,experiment2::sub-16,sub-16,ses-01,stim02,1,attentive,1.0,68,68,0,0,True,33,33,0,0,True,16,16,0,0,True,10,10,0,0,True,7,7,0,0,True,True,,
experiment2::sub-16::ses-01::stim03,experiment2,experiment2::sub-16,sub-16,ses-01,stim03,1,attentive,1.0,191,191,0,0,True,95,95,0,0,True,47,47,0,0,True,31,31,0,0,True,23,23,0,0,True,True,,
experiment2::sub-16::ses-01::stim04,experiment2,experiment2::sub-16,sub-16,ses-01,stim04,1,attentive,1.0,181,181,0,0,True,90,90,0,0,True,44,44,0,0,True,29,29,0,0,True,21,21,0,0,True,True,,
experiment2::sub-16::ses-01::stim05,experiment2,experiment2::sub-16,sub-16,ses-01,stim05,1,attentive,1.0,72,72,0,0,True,35,35,0,0,True,17,17,0,0,True,11,11,0,0,True,8,8,0,0,True,True,,
experiment2::sub-16::ses-02::stim01,experiment2,experiment2::sub-16,sub-16,ses-02,stim01,0,distracted,1.0,89,89,0,0,True,44,44,0,0,True,21,21,0,0,True,14,14,0,0,True,10,10,0,0,True,True,,
experiment2::sub-16::ses-02::stim02,experiment2,experiment2::sub-16,sub-16,ses-02,stim02,0,distracted,1.0,68,68,0,0,True,33,33,0,0,True,16,16,0,0,True,10,10,0,0,True,7,7,0,0,True,True,,
experiment2::sub-16::ses-02::stim03,experiment2,experiment2::sub-16,sub-16,ses-02,stim03,0,distracted,1.0,191,191,0,0,True,95,95,0,0,True,47,47,0,0,True,31,31,0,0,True,23,23,0,0,True,True,,
experiment2::sub-16::ses-02::stim04,experiment2,experiment2::sub-16,sub-16,ses-02,stim04,0,distracted,1.0,181,181,0,0,True,90,90,0,0,True,44,44,0,0,True,29,29,0,0,True,21,21,0,0,True,True,,
experiment2::sub-16::ses-02::stim05,experiment2,experiment2::sub-16,sub-16,ses-02,stim05,0,distracted,1.0,72,72,0,0,True,35,35,0,0,True,17,17,0,0,True,11,11,0,0,True,8,8,0,0,True,True,,
experiment2::sub-19::ses-01::stim01,experiment2,experiment2::sub-19,sub-19,ses-01,stim01,1,attentive,1.0,89,89,0,0,True,44,44,0,0,True,21,21,0,0,True,14,14,0,0,True,10,10,0,0,True,True,,
experiment2::sub-19::ses-01::stim02,experiment2,experiment2::sub-19,sub-19,ses-01,stim02,1,attentive,1.0,68,68,0,0,True,33,33,0,0,True,16,16,0,0,True,10,10,0,0,True,7,7,0,0,True,True,,
experiment2::sub-19::ses-01::stim03,experiment2,experiment2::sub-19,sub-19,ses-01,stim03,1,attentive,1.0,191,191,0,0,True,95,95,0,0,True,47,47,0,0,True,31,31,0,0,True,23,23,0,0,True,True,,
experiment2::sub-19::ses-01::stim04,experiment2,experiment2::sub-19,sub-19,ses-01,stim04,1,attentive,1.0,181,181,0,0,True,90,90,0,0,True,44,44,0,0,True,29,29,0,0,True,21,21,0,0,True,True,,
experiment2::sub-19::ses-01::stim05,experiment2,experiment2::sub-19,sub-19,ses-01,stim05,1,attentive,1.0,72,72,0,0,True,35,35,0,0,True,17,17,0,0,True,11,11,0,0,True,8,8,0,0,True,True,,
experiment2::sub-19::ses-02::stim01,experiment2,experiment2::sub-19,sub-19,ses-02,stim01,0,distracted,1.0,89,89,0,0,True,44,44,0,0,True,21,21,0,0,True,14,14,0,0,True,10,10,0,0,True,True,,
experiment2::sub-19::ses-02::stim02,experiment2,experiment2::sub-19,sub-19,ses-02,stim02,0,distracted,1.0,68,68,0,0,True,33,33,0,0,True,16,16,0,0,True,10,10,0,0,True,7,7,0,0,True,True,,
experiment2::sub-19::ses-02::stim03,experiment2,experiment2::sub-19,sub-19,ses-02,stim03,0,distracted,1.0,191,191,0,0,True,95,95,0,0,True,47,47,0,0,True,31,31,0,0,True,23,23,0,0,True,True,,
experiment2::sub-19::ses-02::stim04,experiment2,experiment2::sub-19,sub-19,ses-02,stim04,0,distracted,1.0,181,181,0,0,True,90,90,0,0,True,44,44,0,0,True,29,29,0,0,True,21,21,0,0,True,True,,
experiment2::sub-19::ses-02::stim05,experiment2,experiment2::sub-19,sub-19,ses-02,stim05,0,distracted,1.0,72,72,0,0,True,35,35,0,0,True,17,17,0,0,True,11,11,0,0,True,8,8,0,0,True,True,,
experiment2::sub-20::ses-01::stim01,experiment2,experiment2::sub-20,sub-20,ses-01,stim01,1,attentive,1.0,89,89,0,0,True,44,44,0,0,True,21,21,0,0,True,14,14,0,0,True,10,10,0,0,True,True,,
experiment2::sub-20::ses-01::stim02,experiment2,experiment2::sub-20,sub-20,ses-01,stim02,1,attentive,1.0,68,68,0,0,True,33,33,0,0,True,16,16,0,0,True,10,10,0,0,True,7,7,0,0,True,True,,
experiment2::sub-20::ses-01::stim03,experiment2,experiment2::sub-20,sub-20,ses-01,stim03,1,attentive,1.0,191,191,0,0,True,95,95,0,0,True,47,47,0,0,True,31,31,0,0,True,23,23,0,0,True,True,,
experiment2::sub-20::ses-01::stim04,experiment2,experiment2::sub-20,sub-20,ses-01,stim04,1,attentive,1.0,181,181,0,0,True,90,90,0,0,True,44,44,0,0,True,29,29,0,0,True,21,21,0,0,True,True,,
experiment2::sub-20::ses-01::stim05,experiment2,experiment2::sub-20,sub-20,ses-01,stim05,1,attentive,1.0,72,72,0,0,True,35,35,0,0,True,17,17,0,0,True,11,11,0,0,True,8,8,0,0,True,True,,
experiment2::sub-20::ses-02::stim01,experiment2,experiment2::sub-20,sub-20,ses-02,stim01,0,distracted,1.0,89,89,0,0,True,44,44,0,0,True,21,21,0,0,True,14,14,0,0,True,10,10,0,0,True,True,,
experiment2::sub-20::ses-02::stim02,experiment2,experiment2::sub-20,sub-20,ses-02,stim02,0,distracted,1.0,68,68,0,0,True,33,33,0,0,True,16,16,0,0,True,10,10,0,0,True,7,7,0,0,True,True,,
experiment2::sub-20::ses-02::stim03,experiment2,experiment2::sub-20,sub-20,ses-02,stim03,0,distracted,1.0,191,191,0,0,True,95,95,0,0,True,47,47,0,0,True,31,31,0,0,True,23,23,0,0,True,True,,
experiment2::sub-20::ses-02::stim04,experiment2,experiment2::sub-20,sub-20,ses-02,stim04,0,distracted,1.0,181,181,0,0,True,90,90,0,0,True,44,44,0,0,True,29,29,0,0,True,21,21,0,0,True,True,,
experiment2::sub-20::ses-02::stim05,experiment2,experiment2::sub-20,sub-20,ses-02,stim05,0,distracted,1.0,72,72,0,0,True,35,35,0,0,True,17,17,0,0,True,11,11,0,0,True,8,8,0,0,True,True,,
experiment2::sub-21::ses-01::stim01,experiment2,experiment2::sub-21,sub-21,ses-01,stim01,1,attentive,1.0,89,89,0,0,True,44,44,0,0,True,21,21,0,0,True,14,14,0,0,True,10,10,0,0,True,True,,
experiment2::sub-21::ses-01::stim02,experiment2,experiment2::sub-21,sub-21,ses-01,stim02,1,attentive,1.0,68,68,0,0,True,33,33,0,0,True,16,16,0,0,True,10,10,0,0,True,7,7,0,0,True,True,,
experiment2::sub-21::ses-01::stim03,experiment2,experiment2::sub-21,sub-21,ses-01,stim03,1,attentive,1.0,191,191,0,0,True,95,95,0,0,True,47,47,0,0,True,31,31,0,0,True,23,23,0,0,True,True,,
experiment2::sub-21::ses-01::stim04,experiment2,experiment2::sub-21,sub-21,ses-01,stim04,1,attentive,1.0,181,181,0,0,True,90,90,0,0,True,44,44,0,0,True,29,29,0,0,True,21,21,0,0,True,True,,
experiment2::sub-21::ses-01::stim05,experiment2,experiment2::sub-21,sub-21,ses-01,stim05,1,attentive,1.0,72,72,0,0,True,35,35,0,0,True,17,17,0,0,True,11,11,0,0,True,8,8,0,0,True,True,,
experiment2::sub-21::ses-02::stim01,experiment2,experiment2::sub-21,sub-21,ses-02,stim01,0,distracted,1.0,89,89,0,0,True,44,44,0,0,True,21,21,0,0,True,14,14,0,0,True,10,10,0,0,True,True,,
experiment2::sub-21::ses-02::stim02,experiment2,experiment2::sub-21,sub-21,ses-02,stim02,0,distracted,1.0,68,68,0,0,True,33,33,0,0,True,16,16,0,0,True,10,10,0,0,True,7,7,0,0,True,True,,
experiment2::sub-21::ses-02::stim03,experiment2,experiment2::sub-21,sub-21,ses-02,stim03,0,distracted,1.0,191,191,0,0,True,95,95,0,0,True,47,47,0,0,True,31,31,0,0,True,23,23,0,0,True,True,,
experiment2::sub-21::ses-02::stim04,experiment2,experiment2::sub-21,sub-21,ses-02,stim04,0,distracted,1.0,181,181,0,0,True,90,90,0,0,True,44,44,0,0,True,29,29,0,0,True,21,21,0,0,True,True,,
experiment2::sub-21::ses-02::stim05,experiment2,experiment2::sub-21,sub-21,ses-02,stim05,0,distracted,1.0,72,72,0,0,True,35,35,0,0,True,17,17,0,0,True,11,11,0,0,True,8,8,0,0,True,True,,
experiment2::sub-25::ses-01::stim01,experiment2,experiment2::sub-25,sub-25,ses-01,stim01,1,attentive,1.0,89,89,0,0,True,44,44,0,0,True,21,21,0,0,True,14,14,0,0,True,10,10,0,0,True,True,,
experiment2::sub-25::ses-01::stim02,experiment2,experiment2::sub-25,sub-25,ses-01,stim02,1,attentive,1.0,68,68,0,0,True,33,33,0,0,True,16,16,0,0,True,10,10,0,0,True,7,7,0,0,True,True,,
experiment2::sub-25::ses-01::stim03,experiment2,experiment2::sub-25,sub-25,ses-01,stim03,1,attentive,1.0,191,191,0,0,True,95,95,0,0,True,47,47,0,0,True,31,31,0,0,True,23,23,0,0,True,True,,
experiment2::sub-25::ses-01::stim04,experiment2,experiment2::sub-25,sub-25,ses-01,stim04,1,attentive,1.0,181,181,0,0,True,90,90,0,0,True,44,44,0,0,True,29,29,0,0,True,21,21,0,0,True,True,,
experiment2::sub-25::ses-01::stim05,experiment2,experiment2::sub-25,sub-25,ses-01,stim05,1,attentive,1.0,72,72,0,0,True,35,35,0,0,True,17,17,0,0,True,11,11,0,0,True,8,8,0,0,True,True,,
experiment2::sub-25::ses-02::stim01,experiment2,experiment2::sub-25,sub-25,ses-02,stim01,0,distracted,1.0,89,89,0,0,True,44,44,0,0,True,21,21,0,0,True,14,14,0,0,True,10,10,0,0,True,True,,
experiment2::sub-25::ses-02::stim02,experiment2,experiment2::sub-25,sub-25,ses-02,stim02,0,distracted,1.0,68,68,0,0,True,33,33,0,0,True,16,16,0,0,True,10,10,0,0,True,7,7,0,0,True,True,,
experiment2::sub-25::ses-02::stim03,experiment2,experiment2::sub-25,sub-25,ses-02,stim03,0,distracted,1.0,191,191,0,0,True,95,95,0,0,True,47,47,0,0,True,31,31,0,0,True,23,23,0,0,True,True,,
experiment2::sub-25::ses-02::stim04,experiment2,experiment2::sub-25,sub-25,ses-02,stim04,0,distracted,1.0,181,181,0,0,True,90,90,0,0,True,44,44,0,0,True,29,29,0,0,True,21,21,0,0,True,True,,
experiment2::sub-25::ses-02::stim05,experiment2,experiment2::sub-25,sub-25,ses-02,stim05,0,distracted,1.0,72,72,0,0,True,35,35,0,0,True,17,17,0,0,True,11,11,0,0,True,8,8,0,0,True,True,,
experiment2::sub-31::ses-01::stim01,experiment2,experiment2::sub-31,sub-31,ses-01,stim01,1,attentive,1.0,89,89,0,0,True,44,44,0,0,True,21,21,0,0,True,14,14,0,0,True,10,10,0,0,True,True,,
experiment2::sub-31::ses-01::stim02,experiment2,experiment2::sub-31,sub-31,ses-01,stim02,1,attentive,1.0,68,68,0,0,True,33,33,0,0,True,16,16,0,0,True,10,10,0,0,True,7,7,0,0,True,True,,
experiment2::sub-31::ses-01::stim03,experiment2,experiment2::sub-31,sub-31,ses-01,stim03,1,attentive,1.0,191,191,0,0,True,95,95,0,0,True,47,47,0,0,True,31,31,0,0,True,23,23,0,0,True,True,,
experiment2::sub-31::ses-01::stim04,experiment2,experiment2::sub-31,sub-31,ses-01,stim04,1,attentive,1.0,181,181,0,0,True,90,90,0,0,True,44,44,0,0,True,29,29,0,0,True,21,21,0,0,True,True,,
experiment2::sub-31::ses-01::stim05,experiment2,experiment2::sub-31,sub-31,ses-01,stim05,1,attentive,1.0,72,72,0,0,True,35,35,0,0,True,17,17,0,0,True,11,11,0,0,True,8,8,0,0,True,True,,
experiment2::sub-31::ses-02::stim01,experiment2,experiment2::sub-31,sub-31,ses-02,stim01,0,distracted,1.0,89,89,0,0,True,44,44,0,0,True,21,21,0,0,True,14,14,0,0,True,10,10,0,0,True,True,,
experiment2::sub-31::ses-02::stim02,experiment2,experiment2::sub-31,sub-31,ses-02,stim02,0,distracted,1.0,68,68,0,0,True,33,33,0,0,True,16,16,0,0,True,10,10,0,0,True,7,7,0,0,True,True,,
experiment2::sub-31::ses-02::stim03,experiment2,experiment2::sub-31,sub-31,ses-02,stim03,0,distracted,1.0,191,191,0,0,True,95,95,0,0,True,47,47,0,0,True,31,31,0,0,True,23,23,0,0,True,True,,
experiment2::sub-31::ses-02::stim04,experiment2,experiment2::sub-31,sub-31,ses-02,stim04,0,distracted,1.0,181,181,0,0,True,90,90,0,0,True,44,44,0,0,True,29,29,0,0,True,21,21,0,0,True,True,,
experiment2::sub-31::ses-02::stim05,experiment2,experiment2::sub-31,sub-31,ses-02,stim05,0,distracted,1.0,72,72,0,0,True,35,35,0,0,True,17,17,0,0,True,11,11,0,0,True,8,8,0,0,True,True,,
experiment2::sub-32::ses-01::stim01,experiment2,experiment2::sub-32,sub-32,ses-01,stim01,1,attentive,1.0,89,89,0,0,True,44,44,0,0,True,21,21,0,0,True,14,14,0,0,True,10,10,0,0,True,True,,
experiment2::sub-32::ses-01::stim02,experiment2,experiment2::sub-32,sub-32,ses-01,stim02,1,attentive,1.0,68,68,0,0,True,33,33,0,0,True,16,16,0,0,True,10,10,0,0,True,7,7,0,0,True,True,,
experiment2::sub-32::ses-01::stim03,experiment2,experiment2::sub-32,sub-32,ses-01,stim03,1,attentive,1.0,191,191,0,0,True,95,95,0,0,True,47,47,0,0,True,31,31,0,0,True,23,23,0,0,True,True,,
experiment2::sub-32::ses-01::stim04,experiment2,experiment2::sub-32,sub-32,ses-01,stim04,1,attentive,1.0,181,181,0,0,True,90,90,0,0,True,44,44,0,0,True,29,29,0,0,True,21,21,0,0,True,True,,
experiment2::sub-32::ses-01::stim05,experiment2,experiment2::sub-32,sub-32,ses-01,stim05,1,attentive,1.0,72,72,0,0,True,35,35,0,0,True,17,17,0,0,True,11,11,0,0,True,8,8,0,0,True,True,,
experiment2::sub-32::ses-02::stim01,experiment2,experiment2::sub-32,sub-32,ses-02,stim01,0,distracted,1.0,89,89,0,0,True,44,44,0,0,True,21,21,0,0,True,14,14,0,0,True,10,10,0,0,True,True,,
experiment2::sub-32::ses-02::stim02,experiment2,experiment2::sub-32,sub-32,ses-02,stim02,0,distracted,1.0,68,68,0,0,True,33,33,0,0,True,16,16,0,0,True,10,10,0,0,True,7,7,0,0,True,True,,
experiment2::sub-32::ses-02::stim03,experiment2,experiment2::sub-32,sub-32,ses-02,stim03,0,distracted,1.0,191,191,0,0,True,95,95,0,0,True,47,47,0,0,True,31,31,0,0,True,23,23,0,0,True,True,,
experiment2::sub-32::ses-02::stim04,experiment2,experiment2::sub-32,sub-32,ses-02,stim04,0,distracted,1.0,181,181,0,0,True,90,90,0,0,True,44,44,0,0,True,29,29,0,0,True,21,21,0,0,True,True,,
experiment2::sub-32::ses-02::stim05,experiment2,experiment2::sub-32,sub-32,ses-02,stim05,0,distracted,1.0,72,72,0,0,True,35,35,0,0,True,17,17,0,0,True,11,11,0,0,True,8,8,0,0,True,True,,
experiment2::sub-33::ses-01::stim01,experiment2,experiment2::sub-33,sub-33,ses-01,stim01,1,attentive,1.0,89,89,0,0,True,44,44,0,0,True,21,21,0,0,True,14,14,0,0,True,10,10,0,0,True,True,,
experiment2::sub-33::ses-01::stim02,experiment2,experiment2::sub-33,sub-33,ses-01,stim02,1,attentive,1.0,68,68,0,0,True,33,33,0,0,True,16,16,0,0,True,10,10,0,0,True,7,7,0,0,True,True,,
experiment2::sub-33::ses-01::stim03,experiment2,experiment2::sub-33,sub-33,ses-01,stim03,1,attentive,1.0,191,191,0,0,True,95,95,0,0,True,47,47,0,0,True,31,31,0,0,True,23,23,0,0,True,True,,
experiment2::sub-33::ses-01::stim04,experiment2,experiment2::sub-33,sub-33,ses-01,stim04,1,attentive,1.0,181,181,0,0,True,90,90,0,0,True,44,44,0,0,True,29,29,0,0,True,21,21,0,0,True,True,,
experiment2::sub-33::ses-01::stim05,experiment2,experiment2::sub-33,sub-33,ses-01,stim05,1,attentive,1.0,72,72,0,0,True,35,35,0,0,True,17,17,0,0,True,11,11,0,0,True,8,8,0,0,True,True,,
experiment2::sub-33::ses-02::stim01,experiment2,experiment2::sub-33,sub-33,ses-02,stim01,0,distracted,1.0,89,89,0,0,True,44,44,0,0,True,21,21,0,0,True,14,14,0,0,True,10,10,0,0,True,True,,
experiment2::sub-33::ses-02::stim02,experiment2,experiment2::sub-33,sub-33,ses-02,stim02,0,distracted,1.0,68,68,0,0,True,33,33,0,0,True,16,16,0,0,True,10,10,0,0,True,7,7,0,0,True,True,,
experiment2::sub-33::ses-02::stim03,experiment2,experiment2::sub-33,sub-33,ses-02,stim03,0,distracted,1.0,191,191,0,0,True,95,95,0,0,True,47,47,0,0,True,31,31,0,0,True,23,23,0,0,True,True,,
experiment2::sub-33::ses-02::stim04,experiment2,experiment2::sub-33,sub-33,ses-02,stim04,0,distracted,1.0,181,181,0,0,True,90,90,0,0,True,44,44,0,0,True,29,29,0,0,True,21,21,0,0,True,True,,
experiment2::sub-33::ses-02::stim05,experiment2,experiment2::sub-33,sub-33,ses-02,stim05,0,distracted,1.0,72,72,0,0,True,35,35,0,0,True,17,17,0,0,True,11,11,0,0,True,8,8,0,0,True,True,,
experiment2::sub-34::ses-01::stim01,experiment2,experiment2::sub-34,sub-34,ses-01,stim01,1,attentive,1.0,89,89,0,0,True,44,44,0,0,True,21,21,0,0,True,14,14,0,0,True,10,10,0,0,True,True,,
experiment2::sub-34::ses-01::stim02,experiment2,experiment2::sub-34,sub-34,ses-01,stim02,1,attentive,1.0,68,68,0,0,True,33,33,0,0,True,16,16,0,0,True,10,10,0,0,True,7,7,0,0,True,True,,
experiment2::sub-34::ses-01::stim03,experiment2,experiment2::sub-34,sub-34,ses-01,stim03,1,attentive,1.0,191,191,0,0,True,95,95,0,0,True,47,47,0,0,True,31,31,0,0,True,23,23,0,0,True,True,,
experiment2::sub-34::ses-01::stim04,experiment2,experiment2::sub-34,sub-34,ses-01,stim04,1,attentive,1.0,181,181,0,0,True,90,90,0,0,True,44,44,0,0,True,29,29,0,0,True,21,21,0,0,True,True,,
experiment2::sub-34::ses-01::stim05,experiment2,experiment2::sub-34,sub-34,ses-01,stim05,1,attentive,1.0,72,72,0,0,True,35,35,0,0,True,17,17,0,0,True,11,11,0,0,True,8,8,0,0,True,True,,
experiment2::sub-34::ses-02::stim01,experiment2,experiment2::sub-34,sub-34,ses-02,stim01,0,distracted,1.0,89,89,0,0,True,44,44,0,0,True,21,21,0,0,True,14,14,0,0,True,10,10,0,0,True,True,,
experiment2::sub-34::ses-02::stim02,experiment2,experiment2::sub-34,sub-34,ses-02,stim02,0,distracted,1.0,68,68,0,0,True,33,33,0,0,True,16,16,0,0,True,10,10,0,0,True,7,7,0,0,True,True,,
experiment2::sub-34::ses-02::stim03,experiment2,experiment2::sub-34,sub-34,ses-02,stim03,0,distracted,1.0,191,191,0,0,True,95,95,0,0,True,47,47,0,0,True,31,31,0,0,True,23,23,0,0,True,True,,
experiment2::sub-34::ses-02::stim04,experiment2,experiment2::sub-34,sub-34,ses-02,stim04,0,distracted,1.0,181,181,0,0,True,90,90,0,0,True,44,44,0,0,True,29,29,0,0,True,21,21,0,0,True,True,,
experiment2::sub-34::ses-02::stim05,experiment2,experiment2::sub-34,sub-34,ses-02,stim05,0,distracted,1.0,72,72,0,0,True,35,35,0,0,True,17,17,0,0,True,11,11,0,0,True,8,8,0,0,True,True,,
experiment2::sub-35::ses-01::stim01,experiment2,experiment2::sub-35,sub-35,ses-01,stim01,1,attentive,1.0,89,89,0,0,True,44,44,0,0,True,21,21,0,0,True,14,14,0,0,True,10,10,0,0,True,True,,
experiment2::sub-35::ses-01::stim02,experiment2,experiment2::sub-35,sub-35,ses-01,stim02,1,attentive,1.0,68,68,0,0,True,33,33,0,0,True,16,16,0,0,True,10,10,0,0,True,7,7,0,0,True,True,,
experiment2::sub-35::ses-01::stim03,experiment2,experiment2::sub-35,sub-35,ses-01,stim03,1,attentive,1.0,191,191,0,0,True,95,95,0,0,True,47,47,0,0,True,31,31,0,0,True,23,23,0,0,True,True,,
experiment2::sub-35::ses-01::stim04,experiment2,experiment2::sub-35,sub-35,ses-01,stim04,1,attentive,1.0,181,181,0,0,True,90,90,0,0,True,44,44,0,0,True,29,29,0,0,True,21,21,0,0,True,True,,
experiment2::sub-35::ses-01::stim05,experiment2,experiment2::sub-35,sub-35,ses-01,stim05,1,attentive,1.0,72,72,0,0,True,35,35,0,0,True,17,17,0,0,True,11,11,0,0,True,8,8,0,0,True,True,,
experiment2::sub-35::ses-02::stim01,experiment2,experiment2::sub-35,sub-35,ses-02,stim01,0,distracted,1.0,89,89,0,0,True,44,44,0,0,True,21,21,0,0,True,14,14,0,0,True,10,10,0,0,True,True,,
experiment2::sub-35::ses-02::stim02,experiment2,experiment2::sub-35,sub-35,ses-02,stim02,0,distracted,1.0,68,68,0,0,True,33,33,0,0,True,16,16,0,0,True,10,10,0,0,True,7,7,0,0,True,True,,
experiment2::sub-35::ses-02::stim03,experiment2,experiment2::sub-35,sub-35,ses-02,stim03,0,distracted,1.0,191,191,0,0,True,95,95,0,0,True,47,47,0,0,True,31,31,0,0,True,23,23,0,0,True,True,,
experiment2::sub-35::ses-02::stim04,experiment2,experiment2::sub-35,sub-35,ses-02,stim04,0,distracted,1.0,181,181,0,0,True,90,90,0,0,True,44,44,0,0,True,29,29,0,0,True,21,21,0,0,True,True,,
experiment2::sub-35::ses-02::stim05,experiment2,experiment2::sub-35,sub-35,ses-02,stim05,0,distracted,1.0,72,72,0,0,True,35,35,0,0,True,17,17,0,0,True,11,11,0,0,True,8,8,0,0,True,True,,
experiment3::sub-02::ses-01::stim01,experiment3,experiment3::sub-02,sub-02,ses-01,stim01,1,attentive,0.9804285372276752,127,127,0,0,True,63,63,0,0,True,31,31,0,0,True,20,20,0,0,True,15,15,0,0,True,True,,
experiment3::sub-02::ses-01::stim02,experiment3,experiment3::sub-02,sub-02,ses-01,stim02,1,attentive,0.9840893922104764,178,178,0,0,True,88,88,0,0,True,43,43,0,0,True,28,28,0,0,True,21,21,0,0,True,True,,
experiment3::sub-02::ses-01::stim03,experiment3,experiment3::sub-02,sub-02,ses-01,stim03,1,attentive,0.8680088465309287,168,119,49,0,True,83,48,35,0,True,41,16,25,0,True,27,6,21,0,True,20,1,19,0,True,True,,
experiment3::sub-02::ses-01::stim04,experiment3,experiment3::sub-02,sub-02,ses-01,stim04,1,attentive,0.7995906705303045,189,130,59,0,True,94,53,41,0,True,46,18,28,0,True,30,6,24,0,True,22,3,19,0,True,True,,
experiment3::sub-02::ses-01::stim05,experiment3,experiment3::sub-02,sub-02,ses-01,stim05,1,attentive,0.9373400011906888,128,112,16,0,True,63,56,7,0,True,31,29,2,0,True,20,19,1,0,True,15,15,0,0,True,True,,
experiment3::sub-02::ses-01::stim06,experiment3,experiment3::sub-02,sub-02,ses-01,stim06,1,attentive,0.9680488869489304,131,131,0,0,True,65,65,0,0,True,32,32,0,0,True,21,21,0,0,True,15,15,0,0,True,True,,
experiment3::sub-02::ses-02::stim01,experiment3,experiment3::sub-02,sub-02,ses-02,stim01,0,distracted,0.9456847019391909,127,124,3,0,True,63,63,0,0,True,31,31,0,0,True,20,20,0,0,True,15,15,0,0,True,True,,
experiment3::sub-02::ses-02::stim02,experiment3,experiment3::sub-02,sub-02,ses-02,stim02,0,distracted,0.9502658944603528,178,169,9,0,True,88,86,2,0,True,43,42,1,0,True,28,28,0,0,True,21,21,0,0,True,True,,
experiment3::sub-02::ses-02::stim03,experiment3,experiment3::sub-02,sub-02,ses-02,stim03,0,distracted,0.839280421350236,168,95,73,0,True,83,54,29,0,True,41,32,9,0,True,27,22,5,0,True,20,18,2,0,True,True,,
experiment3::sub-02::ses-02::stim04,experiment3,experiment3::sub-02,sub-02,ses-02,stim04,0,distracted,0.9259356825872864,189,173,16,0,True,94,90,4,0,True,46,46,0,0,True,30,30,0,0,True,22,22,0,0,True,True,,
experiment3::sub-02::ses-02::stim05,experiment3,experiment3::sub-02,sub-02,ses-02,stim05,0,distracted,0.8866761921771745,128,112,16,0,True,63,58,5,0,True,31,29,2,0,True,20,19,1,0,True,15,15,0,0,True,True,,
experiment3::sub-02::ses-02::stim06,experiment3,experiment3::sub-02,sub-02,ses-02,stim06,0,distracted,0.9163101993307144,131,113,18,0,True,65,62,3,0,True,32,32,0,0,True,21,21,0,0,True,15,15,0,0,True,True,,
experiment3::sub-04::ses-01::stim01,experiment3,experiment3::sub-04,sub-04,ses-01,stim01,1,attentive,0.9302130715824756,127,118,9,0,True,63,56,7,0,True,31,26,5,0,True,20,15,5,0,True,15,11,4,0,True,True,,
experiment3::sub-04::ses-01::stim02,experiment3,experiment3::sub-04,sub-04,ses-01,stim02,1,attentive,0.952763364695244,178,177,1,0,True,88,88,0,0,True,43,43,0,0,True,28,28,0,0,True,21,21,0,0,True,True,,
experiment3::sub-04::ses-01::stim03,experiment3,experiment3::sub-04,sub-04,ses-01,stim03,1,attentive,0.9387126929478556,168,159,9,0,True,83,76,7,0,True,41,34,7,0,True,27,21,6,0,True,20,14,6,0,True,True,,
experiment3::sub-04::ses-01::stim04,experiment3,experiment3::sub-04,sub-04,ses-01,stim04,1,attentive,0.928975257857302,189,187,2,0,True,94,94,0,0,True,46,46,0,0,True,30,30,0,0,True,22,22,0,0,True,True,,
experiment3::sub-04::ses-01::stim05,experiment3,experiment3::sub-04,sub-04,ses-01,stim05,1,attentive,0.9483241054950288,128,128,0,0,True,63,63,0,0,True,31,31,0,0,True,20,20,0,0,True,15,15,0,0,True,True,,
experiment3::sub-04::ses-01::stim06,experiment3,experiment3::sub-04,sub-04,ses-01,stim06,1,attentive,0.9484941073766914,131,131,0,0,True,65,65,0,0,True,32,32,0,0,True,21,21,0,0,True,15,15,0,0,True,True,,
experiment3::sub-04::ses-02::stim01,experiment3,experiment3::sub-04,sub-04,ses-02,stim01,0,distracted,0.9309911419679197,127,124,3,0,True,63,63,0,0,True,31,31,0,0,True,20,20,0,0,True,15,15,0,0,True,True,,
experiment3::sub-04::ses-02::stim02,experiment3,experiment3::sub-04,sub-04,ses-02,stim02,0,distracted,0.9171528839322238,178,169,9,0,True,88,86,2,0,True,43,43,0,0,True,28,28,0,0,True,21,21,0,0,True,True,,
experiment3::sub-04::ses-02::stim03,experiment3,experiment3::sub-04,sub-04,ses-02,stim03,0,distracted,0.9314165849654577,168,168,0,0,True,83,83,0,0,True,41,41,0,0,True,27,27,0,0,True,20,20,0,0,True,True,,
experiment3::sub-04::ses-02::stim04,experiment3,experiment3::sub-04,sub-04,ses-02,stim04,0,distracted,0.9116091511479464,189,177,12,0,True,94,91,3,0,True,46,46,0,0,True,30,30,0,0,True,22,22,0,0,True,True,,
experiment3::sub-04::ses-02::stim05,experiment3,experiment3::sub-04,sub-04,ses-02,stim05,0,distracted,0.9602905280704888,128,128,0,0,True,63,63,0,0,True,31,31,0,0,True,20,20,0,0,True,15,15,0,0,True,True,,
experiment3::sub-04::ses-02::stim06,experiment3,experiment3::sub-04,sub-04,ses-02,stim06,0,distracted,0.8299723555943547,131,93,38,0,True,65,39,26,0,True,32,12,20,0,True,21,4,17,0,True,15,2,13,0,True,True,,
experiment3::sub-06::ses-01::stim01,experiment3,experiment3::sub-06,sub-06,ses-01,stim01,1,attentive,0.9802190567392866,127,127,0,0,True,63,63,0,0,True,31,31,0,0,True,20,20,0,0,True,15,15,0,0,True,True,,
experiment3::sub-06::ses-01::stim02,experiment3,experiment3::sub-06,sub-06,ses-01,stim02,1,attentive,0.9833573750726636,178,178,0,0,True,88,88,0,0,True,43,43,0,0,True,28,28,0,0,True,21,21,0,0,True,True,,
experiment3::sub-06::ses-01::stim03,experiment3,experiment3::sub-06,sub-06,ses-01,stim03,1,attentive,0.9735288082263618,168,168,0,0,True,83,83,0,0,True,41,41,0,0,True,27,27,0,0,True,20,20,0,0,True,True,,
experiment3::sub-06::ses-01::stim04,experiment3,experiment3::sub-06,sub-06,ses-01,stim04,1,attentive,0.981701756874506,189,189,0,0,True,94,94,0,0,True,46,46,0,0,True,30,30,0,0,True,22,22,0,0,True,True,,
experiment3::sub-06::ses-01::stim05,experiment3,experiment3::sub-06,sub-06,ses-01,stim05,1,attentive,0.9755313448830149,128,128,0,0,True,63,63,0,0,True,31,31,0,0,True,20,20,0,0,True,15,15,0,0,True,True,,
experiment3::sub-06::ses-01::stim06,experiment3,experiment3::sub-06,sub-06,ses-01,stim06,1,attentive,0.9772733886221446,131,131,0,0,True,65,65,0,0,True,32,32,0,0,True,21,21,0,0,True,15,15,0,0,True,True,,
experiment3::sub-06::ses-02::stim01,experiment3,experiment3::sub-06,sub-06,ses-02,stim01,0,distracted,0.8963370840316016,127,119,8,0,True,63,57,6,0,True,31,26,5,0,True,20,16,4,0,True,15,11,4,0,True,True,,
experiment3::sub-06::ses-02::stim02,experiment3,experiment3::sub-06,sub-06,ses-02,stim02,0,distracted,0.937218765474627,178,173,5,0,True,88,87,1,0,True,43,43,0,0,True,28,28,0,0,True,21,21,0,0,True,True,,
experiment3::sub-06::ses-02::stim03,experiment3,experiment3::sub-06,sub-06,ses-02,stim03,0,distracted,0.9285209421099432,168,168,0,0,True,83,83,0,0,True,41,41,0,0,True,27,27,0,0,True,20,20,0,0,True,True,,
experiment3::sub-06::ses-02::stim04,experiment3,experiment3::sub-06,sub-06,ses-02,stim04,0,distracted,0.9435449553182436,189,189,0,0,True,94,94,0,0,True,46,46,0,0,True,30,30,0,0,True,22,22,0,0,True,True,,
experiment3::sub-06::ses-02::stim05,experiment3,experiment3::sub-06,sub-06,ses-02,stim05,0,distracted,0.9233791748526524,128,128,0,0,True,63,63,0,0,True,31,31,0,0,True,20,20,0,0,True,15,15,0,0,True,True,,
experiment3::sub-06::ses-02::stim06,experiment3,experiment3::sub-06,sub-06,ses-02,stim06,0,distracted,0.9381929288520297,131,131,0,0,True,65,65,0,0,True,32,32,0,0,True,21,21,0,0,True,15,15,0,0,True,True,,
experiment3::sub-07::ses-01::stim01,experiment3,experiment3::sub-07,sub-07,ses-01,stim01,1,attentive,0.9228812544888676,127,125,2,0,True,63,63,0,0,True,31,31,0,0,True,20,20,0,0,True,15,15,0,0,True,True,,
experiment3::sub-07::ses-01::stim02,experiment3,experiment3::sub-07,sub-07,ses-01,stim02,1,attentive,0.967619006609684,178,178,0,0,True,88,88,0,0,True,43,43,0,0,True,28,28,0,0,True,21,21,0,0,True,True,,
experiment3::sub-07::ses-01::stim03,experiment3,experiment3::sub-07,sub-07,ses-01,stim03,1,attentive,0.9229120590984746,168,162,6,0,True,83,82,1,0,True,41,41,0,0,True,27,27,0,0,True,20,20,0,0,True,True,,
experiment3::sub-07::ses-01::stim04,experiment3,experiment3::sub-07,sub-07,ses-01,stim04,1,attentive,0.9680439319945692,189,189,0,0,True,94,94,0,0,True,46,46,0,0,True,30,30,0,0,True,22,22,0,0,True,True,,
experiment3::sub-07::ses-01::stim05,experiment3,experiment3::sub-07,sub-07,ses-01,stim05,1,attentive,0.9450497112579628,128,125,3,0,True,63,62,1,0,True,31,31,0,0,True,20,20,0,0,True,15,15,0,0,True,True,,
experiment3::sub-07::ses-01::stim06,experiment3,experiment3::sub-07,sub-07,ses-01,stim06,1,attentive,0.9830641641204714,131,131,0,0,True,65,65,0,0,True,32,32,0,0,True,21,21,0,0,True,15,15,0,0,True,True,,
experiment3::sub-07::ses-02::stim01,experiment3,experiment3::sub-07,sub-07,ses-02,stim01,0,distracted,0.867159444577448,127,98,29,0,True,63,52,11,0,True,31,29,2,0,True,20,19,1,0,True,15,15,0,0,True,True,,
experiment3::sub-07::ses-02::stim02,experiment3,experiment3::sub-07,sub-07,ses-02,stim02,0,distracted,0.8439942299825608,178,106,72,0,True,88,56,32,0,True,43,32,11,0,True,28,21,7,0,True,21,17,4,0,True,True,,
experiment3::sub-07::ses-02::stim03,experiment3,experiment3::sub-07,sub-07,ses-02,stim03,0,distracted,0.9442075742720992,168,166,2,0,True,83,82,1,0,True,41,41,0,0,True,27,27,0,0,True,20,20,0,0,True,True,,
experiment3::sub-07::ses-02::stim04,experiment3,experiment3::sub-07,sub-07,ses-02,stim04,0,distracted,0.4815497781110053,189,43,146,0,True,94,9,85,0,True,46,1,45,0,True,30,0,30,0,False,22,0,22,0,False,False,24.0,no accepted seven-path aligned window at one or more locked durations under the unchanged pupil-quality rule
experiment3::sub-07::ses-02::stim05,experiment3,experiment3::sub-07,sub-07,ses-02,stim05,0,distracted,0.9498124665118772,128,123,5,0,True,63,62,1,0,True,31,31,0,0,True,20,20,0,0,True,15,15,0,0,True,True,,
experiment3::sub-07::ses-02::stim06,experiment3,experiment3::sub-07,sub-07,ses-02,stim06,0,distracted,0.851273097628401,131,82,49,0,True,65,43,22,0,True,32,22,10,0,True,21,17,4,0,True,15,10,5,0,True,True,,
experiment3::sub-09::ses-01::stim01,experiment3,experiment3::sub-09,sub-09,ses-01,stim01,1,attentive,0.923838879578645,127,120,7,0,True,63,61,2,0,True,31,31,0,0,True,20,20,0,0,True,15,15,0,0,True,True,,
experiment3::sub-09::ses-01::stim02,experiment3,experiment3::sub-09,sub-09,ses-01,stim02,1,attentive,0.9346782354080996,178,171,7,0,True,88,88,0,0,True,43,43,0,0,True,28,28,0,0,True,21,21,0,0,True,True,,
experiment3::sub-09::ses-01::stim03,experiment3,experiment3::sub-09,sub-09,ses-01,stim03,1,attentive,0.9632458560386694,168,168,0,0,True,83,83,0,0,True,41,41,0,0,True,27,27,0,0,True,20,20,0,0,True,True,,
experiment3::sub-09::ses-01::stim04,experiment3,experiment3::sub-09,sub-09,ses-01,stim04,1,attentive,0.9506170337798132,189,188,1,0,True,94,94,0,0,True,46,46,0,0,True,30,30,0,0,True,22,22,0,0,True,True,,
experiment3::sub-09::ses-01::stim05,experiment3,experiment3::sub-09,sub-09,ses-01,stim05,1,attentive,0.8396737512651069,128,97,31,0,True,63,42,21,0,True,31,15,16,0,True,20,6,14,0,True,15,3,12,0,True,True,,
experiment3::sub-09::ses-01::stim06,experiment3,experiment3::sub-09,sub-09,ses-01,stim06,1,attentive,0.7619089189582424,131,80,51,0,True,65,29,36,0,True,32,8,24,0,True,21,2,19,0,True,15,0,15,0,False,False,32.0,no accepted seven-path aligned window at one or more locked durations under the unchanged pupil-quality rule
experiment3::sub-09::ses-02::stim01,experiment3,experiment3::sub-09,sub-09,ses-02,stim01,0,distracted,0.6680033516878142,127,54,73,0,True,63,17,46,0,True,31,3,28,0,True,20,1,19,0,True,15,0,15,0,False,False,32.0,no accepted seven-path aligned window at one or more locked durations under the unchanged pupil-quality rule
experiment3::sub-09::ses-02::stim02,experiment3,experiment3::sub-09,sub-09,ses-02,stim02,0,distracted,0.8659116842853144,178,136,42,0,True,88,75,13,0,True,43,40,3,0,True,28,26,2,0,True,21,20,1,0,True,True,,
experiment3::sub-09::ses-02::stim03,experiment3,experiment3::sub-09,sub-09,ses-02,stim03,0,distracted,0.6631022139127659,168,80,88,0,True,83,32,51,0,True,41,5,36,0,True,27,1,26,0,True,20,0,20,0,False,False,32.0,no accepted seven-path aligned window at one or more locked durations under the unchanged pupil-quality rule
experiment3::sub-09::ses-02::stim04,experiment3,experiment3::sub-09,sub-09,ses-02,stim04,0,distracted,0.52791343289631,189,63,126,0,True,94,20,74,0,True,46,2,44,0,True,30,1,29,0,True,22,0,22,0,False,False,32.0,no accepted seven-path aligned window at one or more locked durations under the unchanged pupil-quality rule
experiment3::sub-09::ses-02::stim05,experiment3,experiment3::sub-09,sub-09,ses-02,stim05,0,distracted,0.8792343870929332,128,99,29,0,True,63,54,9,0,True,31,30,1,0,True,20,18,2,0,True,15,15,0,0,True,True,,
experiment3::sub-09::ses-02::stim06,experiment3,experiment3::sub-09,sub-09,ses-02,stim06,0,distracted,0.884941073766914,131,102,29,0,True,65,52,13,0,True,32,26,6,0,True,21,18,3,0,True,15,14,1,0,True,True,,
experiment3::sub-18::ses-01::stim01,experiment3,experiment3::sub-18,sub-18,ses-01,stim01,1,attentive,0.9127064879099832,127,96,31,0,True,63,43,20,0,True,31,16,15,0,True,20,7,13,0,True,15,5,10,0,True,True,,
experiment3::sub-18::ses-01::stim02,experiment3,experiment3::sub-18,sub-18,ses-01,stim02,1,attentive,0.9972657006911104,178,178,0,0,True,88,88,0,0,True,43,43,0,0,True,28,28,0,0,True,21,21,0,0,True,True,,
experiment3::sub-18::ses-01::stim03,experiment3,experiment3::sub-18,sub-18,ses-01,stim03,1,attentive,0.9592557969857954,168,156,12,0,True,83,79,4,0,True,41,40,1,0,True,27,27,0,0,True,20,20,0,0,True,True,,
experiment3::sub-18::ses-01::stim04,experiment3,experiment3::sub-18,sub-18,ses-01,stim04,1,attentive,0.9521570852499543,189,175,14,0,True,94,93,1,0,True,46,46,0,0,True,30,30,0,0,True,22,22,0,0,True,True,,
experiment3::sub-18::ses-01::stim05,experiment3,experiment3::sub-18,sub-18,ses-01,stim05,1,attentive,0.9512412930880514,128,115,13,0,True,63,54,9,0,True,31,23,8,0,True,20,14,6,0,True,15,9,6,0,True,True,,
experiment3::sub-18::ses-01::stim06,experiment3,experiment3::sub-18,sub-18,ses-01,stim06,1,attentive,0.9541975847519278,131,116,15,0,True,65,60,5,0,True,32,31,1,0,True,21,21,0,0,True,15,15,0,0,True,True,,
experiment3::sub-18::ses-02::stim01,experiment3,experiment3::sub-18,sub-18,ses-02,stim01,0,distracted,0.9742937514962892,127,124,3,0,True,63,62,1,0,True,31,31,0,0,True,20,20,0,0,True,15,15,0,0,True,True,,
experiment3::sub-18::ses-02::stim02,experiment3,experiment3::sub-18,sub-18,ses-02,stim02,0,distracted,0.9966628630482056,178,178,0,0,True,88,88,0,0,True,43,43,0,0,True,28,28,0,0,True,21,21,0,0,True,True,,
experiment3::sub-18::ses-02::stim03,experiment3,experiment3::sub-18,sub-18,ses-02,stim03,0,distracted,0.9475820242139584,168,157,11,0,True,83,78,5,0,True,41,40,1,0,True,27,27,0,0,True,20,20,0,0,True,True,,
experiment3::sub-18::ses-02::stim04,experiment3,experiment3::sub-18,sub-18,ses-02,stim04,0,distracted,0.979432207339561,189,187,2,0,True,94,94,0,0,True,46,46,0,0,True,30,30,0,0,True,22,22,0,0,True,True,,
experiment3::sub-18::ses-02::stim05,experiment3,experiment3::sub-18,sub-18,ses-02,stim05,0,distracted,0.9713341668155028,128,121,7,0,True,63,62,1,0,True,31,31,0,0,True,20,20,0,0,True,15,15,0,0,True,True,,
experiment3::sub-18::ses-02::stim06,experiment3,experiment3::sub-18,sub-18,ses-02,stim06,0,distracted,0.9626946020660556,131,123,8,0,True,65,64,1,0,True,32,32,0,0,True,21,21,0,0,True,15,15,0,0,True,True,,
experiment3::sub-19::ses-01::stim01,experiment3,experiment3::sub-19,sub-19,ses-01,stim01,1,attentive,0.9613358870002394,127,127,0,0,True,63,63,0,0,True,31,31,0,0,True,20,20,0,0,True,15,15,0,0,True,True,,
experiment3::sub-19::ses-01::stim02,experiment3,experiment3::sub-19,sub-19,ses-01,stim02,1,attentive,0.9745946993347256,178,178,0,0,True,88,88,0,0,True,43,43,0,0,True,28,28,0,0,True,21,21,0,0,True,True,,
experiment3::sub-19::ses-01::stim03,experiment3,experiment3::sub-19,sub-19,ses-01,stim03,1,attentive,0.94087872500513,168,168,0,0,True,83,83,0,0,True,41,41,0,0,True,27,27,0,0,True,20,20,0,0,True,True,,
experiment3::sub-19::ses-01::stim04,experiment3,experiment3::sub-19,sub-19,ses-01,stim04,1,attentive,0.9486717056070032,189,189,0,0,True,94,94,0,0,True,46,46,0,0,True,30,30,0,0,True,22,22,0,0,True,True,,
experiment3::sub-19::ses-01::stim05,experiment3,experiment3::sub-19,sub-19,ses-01,stim05,1,attentive,0.9527594213252366,128,128,0,0,True,63,63,0,0,True,31,31,0,0,True,20,20,0,0,True,15,15,0,0,True,True,,
experiment3::sub-19::ses-01::stim06,experiment3,experiment3::sub-19,sub-19,ses-01,stim06,1,attentive,0.957107522188273,131,131,0,0,True,65,65,0,0,True,32,32,0,0,True,21,21,0,0,True,15,15,0,0,True,True,,
experiment3::sub-19::ses-02::stim01,experiment3,experiment3::sub-19,sub-19,ses-02,stim01,0,distracted,0.8637778309791716,127,94,33,0,True,63,49,14,0,True,31,25,6,0,True,20,16,4,0,True,15,14,1,0,True,True,,
experiment3::sub-19::ses-02::stim02,experiment3,experiment3::sub-19,sub-19,ses-02,stim02,0,distracted,0.6640471935754731,178,98,80,0,True,88,39,49,0,True,43,11,32,0,True,28,4,24,0,True,21,2,19,0,True,True,,
experiment3::sub-19::ses-02::stim03,experiment3,experiment3::sub-19,sub-19,ses-02,stim03,0,distracted,0.9224104516746848,168,156,12,0,True,83,77,6,0,True,41,39,2,0,True,27,26,1,0,True,20,19,1,0,True,True,,
experiment3::sub-19::ses-02::stim04,experiment3,experiment3::sub-19,sub-19,ses-02,stim04,0,distracted,0.7028308577681412,189,114,75,0,True,94,55,39,0,True,46,24,22,0,True,30,14,16,0,True,22,8,14,0,True,True,,
experiment3::sub-19::ses-02::stim05,experiment3,experiment3::sub-19,sub-19,ses-02,stim05,0,distracted,0.9377269750550694,128,120,8,0,True,63,60,3,0,True,31,30,1,0,True,20,20,0,0,True,15,15,0,0,True,True,,
experiment3::sub-19::ses-02::stim06,experiment3,experiment3::sub-19,sub-19,ses-02,stim06,0,distracted,0.9182016586643388,131,118,13,0,True,65,62,3,0,True,32,30,2,0,True,21,21,0,0,True,15,15,0,0,True,True,,
experiment3::sub-21::ses-01::stim01,experiment3,experiment3::sub-21,sub-21,ses-01,stim01,1,attentive,0.9825532678956188,127,127,0,0,True,63,63,0,0,True,31,31,0,0,True,20,20,0,0,True,15,15,0,0,True,True,,
experiment3::sub-21::ses-01::stim02,experiment3,experiment3::sub-21,sub-21,ses-01,stim02,1,attentive,0.9770491097379808,178,178,0,0,True,88,88,0,0,True,43,43,0,0,True,28,28,0,0,True,21,21,0,0,True,True,,
experiment3::sub-21::ses-01::stim03,experiment3,experiment3::sub-21,sub-21,ses-01,stim03,1,attentive,0.9614218290430698,168,168,0,0,True,83,83,0,0,True,41,41,0,0,True,27,27,0,0,True,20,20,0,0,True,True,,
experiment3::sub-21::ses-01::stim04,experiment3,experiment3::sub-21,sub-21,ses-01,stim04,1,attentive,0.9584186103061866,189,188,1,0,True,94,94,0,0,True,46,46,0,0,True,30,30,0,0,True,22,22,0,0,True,True,,
experiment3::sub-21::ses-01::stim05,experiment3,experiment3::sub-21,sub-21,ses-01,stim05,1,attentive,0.9640709650532834,128,128,0,0,True,63,63,0,0,True,31,31,0,0,True,20,20,0,0,True,15,15,0,0,True,True,,
experiment3::sub-21::ses-01::stim06,experiment3,experiment3::sub-21,sub-21,ses-01,stim06,1,attentive,0.9646442601484068,131,131,0,0,True,65,65,0,0,True,32,32,0,0,True,21,21,0,0,True,15,15,0,0,True,True,,
experiment3::sub-21::ses-02::stim01,experiment3,experiment3::sub-21,sub-21,ses-02,stim01,0,distracted,0.966393344505626,127,127,0,0,True,63,63,0,0,True,31,31,0,0,True,20,20,0,0,True,15,15,0,0,True,True,,
experiment3::sub-21::ses-02::stim02,experiment3,experiment3::sub-21,sub-21,ses-02,stim02,0,distracted,0.9671668783775056,178,175,3,0,True,88,86,2,0,True,43,41,2,0,True,28,26,2,0,True,21,19,2,0,True,True,,
experiment3::sub-21::ses-02::stim03,experiment3,experiment3::sub-21,sub-21,ses-02,stim03,0,distracted,0.96046421487038,168,168,0,0,True,83,83,0,0,True,41,41,0,0,True,27,27,0,0,True,20,20,0,0,True,True,,
experiment3::sub-21::ses-02::stim04,experiment3,experiment3::sub-21,sub-21,ses-02,stim04,0,distracted,0.9596749680844596,189,189,0,0,True,94,94,0,0,True,46,46,0,0,True,30,30,0,0,True,22,22,0,0,True,True,,
experiment3::sub-21::ses-02::stim05,experiment3,experiment3::sub-21,sub-21,ses-02,stim05,0,distracted,0.9579091504435316,128,127,1,0,True,63,63,0,0,True,31,31,0,0,True,20,20,0,0,True,15,15,0,0,True,True,,
experiment3::sub-21::ses-02::stim06,experiment3,experiment3::sub-21,sub-21,ses-02,stim06,0,distracted,0.9576022115524516,131,130,1,0,True,65,65,0,0,True,32,32,0,0,True,21,21,0,0,True,15,15,0,0,True,True,,
experiment3::sub-22::ses-01::stim01,experiment3,experiment3::sub-22,sub-22,ses-01,stim01,1,attentive,0.9354201580081398,127,127,0,0,True,63,63,0,0,True,31,31,0,0,True,20,20,0,0,True,15,15,0,0,True,True,,
experiment3::sub-22::ses-01::stim02,experiment3,experiment3::sub-22,sub-22,ses-01,stim02,1,attentive,0.9367881671582664,178,178,0,0,True,88,88,0,0,True,43,43,0,0,True,28,28,0,0,True,21,21,0,0,True,True,,
experiment3::sub-22::ses-01::stim03,experiment3,experiment3::sub-22,sub-22,ses-01,stim03,1,attentive,0.9385302902482956,168,168,0,0,True,83,83,0,0,True,41,41,0,0,True,27,27,0,0,True,20,20,0,0,True,True,,
experiment3::sub-22::ses-01::stim04,experiment3,experiment3::sub-22,sub-22,ses-01,stim04,1,attentive,0.9190865063121848,189,189,0,0,True,94,94,0,0,True,46,46,0,0,True,30,30,0,0,True,22,22,0,0,True,True,,
experiment3::sub-22::ses-01::stim05,experiment3,experiment3::sub-22,sub-22,ses-01,stim05,1,attentive,0.9408823004107876,128,128,0,0,True,63,63,0,0,True,31,31,0,0,True,20,20,0,0,True,15,15,0,0,True,True,,
experiment3::sub-22::ses-01::stim06,experiment3,experiment3::sub-22,sub-22,ses-01,stim06,1,attentive,0.9523061254183036,131,131,0,0,True,65,65,0,0,True,32,32,0,0,True,21,21,0,0,True,15,15,0,0,True,True,,
experiment3::sub-22::ses-02::stim01,experiment3,experiment3::sub-22,sub-22,ses-02,stim01,0,distracted,0.91776394541537,127,127,0,0,True,63,63,0,0,True,31,31,0,0,True,20,20,0,0,True,15,15,0,0,True,True,,
experiment3::sub-22::ses-02::stim02,experiment3,experiment3::sub-22,sub-22,ses-02,stim02,0,distracted,0.9277456025146942,178,173,5,0,True,88,83,5,0,True,43,41,2,0,True,28,25,3,0,True,21,19,2,0,True,True,,
experiment3::sub-22::ses-02::stim03,experiment3,experiment3::sub-22,sub-22,ses-02,stim03,0,distracted,0.9127203082605624,168,168,0,0,True,83,83,0,0,True,41,41,0,0,True,27,27,0,0,True,20,20,0,0,True,True,,
experiment3::sub-22::ses-02::stim04,experiment3,experiment3::sub-22,sub-22,ses-02,stim04,0,distracted,0.883705850169203,189,184,5,0,True,94,90,4,0,True,46,42,4,0,True,30,27,3,0,True,22,19,3,0,True,True,,
experiment3::sub-22::ses-02::stim05,experiment3,experiment3::sub-22,sub-22,ses-02,stim05,0,distracted,0.9208489611240104,128,127,1,0,True,63,63,0,0,True,31,31,0,0,True,20,20,0,0,True,15,15,0,0,True,True,,
experiment3::sub-22::ses-02::stim06,experiment3,experiment3::sub-22,sub-22,ses-02,stim06,0,distracted,0.93330423395897,131,131,0,0,True,65,65,0,0,True,32,32,0,0,True,21,21,0,0,True,15,15,0,0,True,True,,
experiment3::sub-23::ses-01::stim01,experiment3,experiment3::sub-23,sub-23,ses-01,stim01,1,attentive,0.9895259755805602,127,127,0,0,True,63,63,0,0,True,31,31,0,0,True,20,20,0,0,True,15,15,0,0,True,True,,
experiment3::sub-23::ses-01::stim02,experiment3,experiment3::sub-23,sub-23,ses-01,stim02,1,attentive,0.9928735978642323,178,178,0,0,True,88,88,0,0,True,43,43,0,0,True,28,28,0,0,True,21,21,0,0,True,True,,
experiment3::sub-23::ses-01::stim03,experiment3,experiment3::sub-23,sub-23,ses-01,stim03,1,attentive,0.9925898903303768,168,168,0,0,True,83,83,0,0,True,41,41,0,0,True,27,27,0,0,True,20,20,0,0,True,True,,
experiment3::sub-23::ses-01::stim04,experiment3,experiment3::sub-23,sub-23,ses-01,stim04,1,attentive,0.9831607530041137,189,188,1,0,True,94,94,0,0,True,46,46,0,0,True,30,30,0,0,True,22,22,0,0,True,True,,
experiment3::sub-23::ses-01::stim05,experiment3,experiment3::sub-23,sub-23,ses-01,stim05,1,attentive,0.99666607132226,128,128,0,0,True,63,63,0,0,True,31,31,0,0,True,20,20,0,0,True,15,15,0,0,True,True,,
experiment3::sub-23::ses-01::stim06,experiment3,experiment3::sub-23,sub-23,ses-01,stim06,1,attentive,0.9938891313836752,131,131,0,0,True,65,65,0,0,True,32,32,0,0,True,21,21,0,0,True,15,15,0,0,True,True,,
experiment3::sub-23::ses-02::stim01,experiment3,experiment3::sub-23,sub-23,ses-02,stim01,0,distracted,0.9944936557337802,127,127,0,0,True,63,63,0,0,True,31,31,0,0,True,20,20,0,0,True,15,15,0,0,True,True,,
experiment3::sub-23::ses-02::stim02,experiment3,experiment3::sub-23,sub-23,ses-02,stim02,0,distracted,0.9900316489762524,178,178,0,0,True,88,88,0,0,True,43,43,0,0,True,28,28,0,0,True,21,21,0,0,True,True,,
experiment3::sub-23::ses-02::stim03,experiment3,experiment3::sub-23,sub-23,ses-02,stim03,0,distracted,0.9932511001162816,168,168,0,0,True,83,83,0,0,True,41,41,0,0,True,27,27,0,0,True,20,20,0,0,True,True,,
experiment3::sub-23::ses-02::stim04,experiment3,experiment3::sub-23,sub-23,ses-02,stim04,0,distracted,0.9950150965571743,189,189,0,0,True,94,94,0,0,True,46,46,0,0,True,30,30,0,0,True,22,22,0,0,True,True,,
experiment3::sub-23::ses-02::stim05,experiment3,experiment3::sub-23,sub-23,ses-02,stim05,0,distracted,0.9934214443055308,128,128,0,0,True,63,63,0,0,True,31,31,0,0,True,20,20,0,0,True,15,15,0,0,True,True,,
experiment3::sub-23::ses-02::stim06,experiment3,experiment3::sub-23,sub-23,ses-02,stim06,0,distracted,0.989931616470246,131,131,0,0,True,65,65,0,0,True,32,32,0,0,True,21,21,0,0,True,15,15,0,0,True,True,,
experiment3::sub-24::ses-01::stim01,experiment3,experiment3::sub-24,sub-24,ses-01,stim01,1,attentive,0.9848575532678956,127,127,0,0,True,63,63,0,0,True,31,31,0,0,True,20,20,0,0,True,15,15,0,0,True,True,,
experiment3::sub-24::ses-01::stim02,experiment3,experiment3::sub-24,sub-24,ses-01,stim02,1,attentive,0.9915818029151506,178,178,0,0,True,88,88,0,0,True,43,43,0,0,True,28,28,0,0,True,21,21,0,0,True,True,,
experiment3::sub-24::ses-01::stim03,experiment3,experiment3::sub-24,sub-24,ses-01,stim03,1,attentive,0.984016963451059,168,168,0,0,True,83,83,0,0,True,41,41,0,0,True,27,27,0,0,True,20,20,0,0,True,True,,
experiment3::sub-24::ses-01::stim04,experiment3,experiment3::sub-24,sub-24,ses-01,stim04,1,attentive,0.9790066668017589,189,189,0,0,True,94,94,0,0,True,46,46,0,0,True,30,30,0,0,True,22,22,0,0,True,True,,
experiment3::sub-24::ses-01::stim05,experiment3,experiment3::sub-24,sub-24,ses-01,stim05,1,attentive,0.9857415014585938,128,128,0,0,True,63,63,0,0,True,31,31,0,0,True,20,20,0,0,True,15,15,0,0,True,True,,
experiment3::sub-24::ses-01::stim06,experiment3,experiment3::sub-24,sub-24,ses-01,stim06,1,attentive,0.9822493816382948,131,131,0,0,True,65,65,0,0,True,32,32,0,0,True,21,21,0,0,True,15,15,0,0,True,True,,
experiment3::sub-24::ses-02::stim01,experiment3,experiment3::sub-24,sub-24,ses-02,stim01,0,distracted,0.986264065118506,127,127,0,0,True,63,63,0,0,True,31,31,0,0,True,20,20,0,0,True,15,15,0,0,True,True,,
experiment3::sub-24::ses-02::stim02,experiment3,experiment3::sub-24,sub-24,ses-02,stim02,0,distracted,0.977888776454884,178,178,0,0,True,88,88,0,0,True,43,43,0,0,True,28,28,0,0,True,21,21,0,0,True,True,,
experiment3::sub-24::ses-02::stim03,experiment3,experiment3::sub-24,sub-24,ses-02,stim03,0,distracted,0.9737112109259216,168,168,0,0,True,83,83,0,0,True,41,41,0,0,True,27,27,0,0,True,20,20,0,0,True,True,,
experiment3::sub-24::ses-02::stim04,experiment3,experiment3::sub-24,sub-24,ses-02,stim04,0,distracted,0.9798577478773632,189,189,0,0,True,94,94,0,0,True,46,46,0,0,True,30,30,0,0,True,22,22,0,0,True,True,,
experiment3::sub-24::ses-02::stim05,experiment3,experiment3::sub-24,sub-24,ses-02,stim05,0,distracted,0.9731499672560576,128,128,0,0,True,63,63,0,0,True,31,31,0,0,True,20,20,0,0,True,15,15,0,0,True,True,,
experiment3::sub-24::ses-02::stim06,experiment3,experiment3::sub-24,sub-24,ses-02,stim06,0,distracted,0.9768077986323294,131,131,0,0,True,65,65,0,0,True,32,32,0,0,True,21,21,0,0,True,15,15,0,0,True,True,,
experiment3::sub-25::ses-01::stim01,experiment3,experiment3::sub-25,sub-25,ses-01,stim01,1,attentive,0.9984139334450562,127,127,0,0,True,63,63,0,0,True,31,31,0,0,True,20,20,0,0,True,15,15,0,0,True,True,,
experiment3::sub-25::ses-01::stim02,experiment3,experiment3::sub-25,sub-25,ses-01,stim02,1,attentive,0.998557495640192,178,178,0,0,True,88,88,0,0,True,43,43,0,0,True,28,28,0,0,True,21,21,0,0,True,True,,
experiment3::sub-25::ses-01::stim03,experiment3,experiment3::sub-25,sub-25,ses-01,stim03,1,attentive,0.996693951070476,168,168,0,0,True,83,83,0,0,True,41,41,0,0,True,27,27,0,0,True,20,20,0,0,True,True,,
experiment3::sub-25::ses-01::stim04,experiment3,experiment3::sub-25,sub-25,ses-01,stim04,1,attentive,0.992441589495228,189,189,0,0,True,94,94,0,0,True,46,46,0,0,True,30,30,0,0,True,22,22,0,0,True,True,,
experiment3::sub-25::ses-01::stim05,experiment3,experiment3::sub-25,sub-25,ses-01,stim05,1,attentive,0.9981544323391082,128,128,0,0,True,63,63,0,0,True,31,31,0,0,True,20,20,0,0,True,15,15,0,0,True,True,,
experiment3::sub-25::ses-01::stim06,experiment3,experiment3::sub-25,sub-25,ses-01,stim06,1,attentive,0.9975847519278336,131,131,0,0,True,65,65,0,0,True,32,32,0,0,True,21,21,0,0,True,15,15,0,0,True,True,,
experiment3::sub-25::ses-02::stim01,experiment3,experiment3::sub-25,sub-25,ses-02,stim01,0,distracted,0.996468757481446,127,127,0,0,True,63,63,0,0,True,31,31,0,0,True,20,20,0,0,True,15,15,0,0,True,True,,
experiment3::sub-25::ses-02::stim02,experiment3,experiment3::sub-25,sub-25,ses-02,stim02,0,distracted,0.9958231963313025,178,178,0,0,True,88,88,0,0,True,43,43,0,0,True,28,28,0,0,True,21,21,0,0,True,True,,
experiment3::sub-25::ses-02::stim03,experiment3,experiment3::sub-25,sub-25,ses-02,stim03,0,distracted,0.991791878519802,168,168,0,0,True,83,83,0,0,True,41,41,0,0,True,27,27,0,0,True,20,20,0,0,True,True,,
experiment3::sub-25::ses-02::stim04,experiment3,experiment3::sub-25,sub-25,ses-02,stim04,0,distracted,0.9915499807493566,189,189,0,0,True,94,94,0,0,True,46,46,0,0,True,30,30,0,0,True,22,22,0,0,True,True,,
experiment3::sub-25::ses-02::stim05,experiment3,experiment3::sub-25,sub-25,ses-02,stim05,0,distracted,0.994880038102042,128,128,0,0,True,63,63,0,0,True,31,31,0,0,True,20,20,0,0,True,15,15,0,0,True,True,,
experiment3::sub-25::ses-02::stim06,experiment3,experiment3::sub-25,sub-25,ses-02,stim06,0,distracted,0.9942092245016731,131,131,0,0,True,65,65,0,0,True,32,32,0,0,True,21,21,0,0,True,15,15,0,0,True,True,,
experiment3::sub-26::ses-01::stim01,experiment3,experiment3::sub-26,sub-26,ses-01,stim01,1,attentive,0.9734259037586784,127,124,3,0,True,63,61,2,0,True,31,29,2,0,True,20,18,2,0,True,15,13,2,0,True,True,,
experiment3::sub-26::ses-01::stim02,experiment3,experiment3::sub-26,sub-26,ses-01,stim02,1,attentive,0.9899239993971624,178,178,0,0,True,88,88,0,0,True,43,43,0,0,True,28,28,0,0,True,21,21,0,0,True,True,,
experiment3::sub-26::ses-01::stim03,experiment3,experiment3::sub-26,sub-26,ses-01,stim03,1,attentive,0.9827857452290294,168,168,0,0,True,83,83,0,0,True,41,41,0,0,True,27,27,0,0,True,20,20,0,0,True,True,,
experiment3::sub-26::ses-01::stim04,experiment3,experiment3::sub-26,sub-26,ses-01,stim04,1,attentive,0.9682870980161704,189,179,10,0,True,94,87,7,0,True,46,39,7,0,True,30,24,6,0,True,22,15,7,0,True,True,,
experiment3::sub-26::ses-01::stim05,experiment3,experiment3::sub-26,sub-26,ses-01,stim05,1,attentive,0.9857415014585938,128,128,0,0,True,63,63,0,0,True,31,31,0,0,True,20,20,0,0,True,15,15,0,0,True,True,,
experiment3::sub-26::ses-01::stim06,experiment3,experiment3::sub-26,sub-26,ses-01,stim06,1,attentive,0.9746835443037974,131,129,2,0,True,65,63,2,0,True,32,30,2,0,True,21,19,2,0,True,15,13,2,0,True,True,,
experiment3::sub-26::ses-02::stim01,experiment3,experiment3::sub-26,sub-26,ses-02,stim01,0,distracted,0.8647653818530046,127,87,40,0,True,63,47,16,0,True,31,22,9,0,True,20,14,6,0,True,15,11,4,0,True,True,,
experiment3::sub-26::ses-02::stim02,experiment3,experiment3::sub-26,sub-26,ses-02,stim02,0,distracted,0.8833724460137361,178,141,37,0,True,88,73,15,0,True,43,40,3,0,True,28,28,0,0,True,21,21,0,0,True,True,,
experiment3::sub-26::ses-02::stim03,experiment3,experiment3::sub-26,sub-26,ses-02,stim03,0,distracted,0.9754440365717412,168,168,0,0,True,83,83,0,0,True,41,41,0,0,True,27,27,0,0,True,20,20,0,0,True,True,,
experiment3::sub-26::ses-02::stim04,experiment3,experiment3::sub-26,sub-26,ses-02,stim04,0,distracted,0.955662728728039,189,189,0,0,True,94,94,0,0,True,46,46,0,0,True,30,30,0,0,True,22,22,0,0,True,True,,
experiment3::sub-26::ses-02::stim05,experiment3,experiment3::sub-26,sub-26,ses-02,stim05,0,distracted,0.9622253973923915,128,128,0,0,True,63,63,0,0,True,31,31,0,0,True,20,20,0,0,True,15,15,0,0,True,True,,
experiment3::sub-26::ses-02::stim06,experiment3,experiment3::sub-26,sub-26,ses-02,stim06,0,distracted,0.9358649789029536,131,117,14,0,True,65,60,5,0,True,32,31,1,0,True,21,21,0,0,True,15,15,0,0,True,True,,
experiment3::sub-27::ses-01::stim01,experiment3,experiment3::sub-27,sub-27,ses-01,stim01,1,attentive,0.9535551831457983,127,126,1,0,True,63,63,0,0,True,31,31,0,0,True,20,20,0,0,True,15,15,0,0,True,True,,
experiment3::sub-27::ses-01::stim02,experiment3,experiment3::sub-27,sub-27,ses-01,stim02,1,attentive,0.9606002540530066,178,178,0,0,True,88,88,0,0,True,43,43,0,0,True,28,28,0,0,True,21,21,0,0,True,True,,
experiment3::sub-27::ses-01::stim03,experiment3,experiment3::sub-27,sub-27,ses-01,stim03,1,attentive,0.929729359994528,168,168,0,0,True,83,83,0,0,True,41,41,0,0,True,27,27,0,0,True,20,20,0,0,True,True,,
experiment3::sub-27::ses-01::stim04,experiment3,experiment3::sub-27,sub-27,ses-01,stim04,1,attentive,0.915722709680034,189,185,4,0,True,94,93,1,0,True,46,46,0,0,True,30,30,0,0,True,22,22,0,0,True,True,,
experiment3::sub-27::ses-01::stim05,experiment3,experiment3::sub-27,sub-27,ses-01,stim05,1,attentive,0.9459724950884086,128,128,0,0,True,63,63,0,0,True,31,31,0,0,True,20,20,0,0,True,15,15,0,0,True,True,,
experiment3::sub-27::ses-01::stim06,experiment3,experiment3::sub-27,sub-27,ses-01,stim06,1,attentive,0.9232358504292156,131,130,1,0,True,65,65,0,0,True,32,32,0,0,True,21,21,0,0,True,15,15,0,0,True,True,,
experiment3::sub-27::ses-02::stim01,experiment3,experiment3::sub-27,sub-27,ses-02,stim01,0,distracted,0.7535611683026096,127,72,55,0,True,63,36,27,0,True,31,16,15,0,True,20,9,11,0,True,15,5,10,0,True,True,,
experiment3::sub-27::ses-02::stim02,experiment3,experiment3::sub-27,sub-27,ses-02,stim02,0,distracted,0.9281331409994188,178,177,1,0,True,88,88,0,0,True,43,43,0,0,True,28,28,0,0,True,21,21,0,0,True,True,,
experiment3::sub-27::ses-02::stim03,experiment3,experiment3::sub-27,sub-27,ses-02,stim03,0,distracted,0.9223876513372398,168,168,0,0,True,83,83,0,0,True,41,41,0,0,True,27,27,0,0,True,20,20,0,0,True,True,,
experiment3::sub-27::ses-02::stim04,experiment3,experiment3::sub-27,sub-27,ses-02,stim04,0,distracted,0.9056921112889824,189,188,1,0,True,94,94,0,0,True,46,46,0,0,True,30,30,0,0,True,22,22,0,0,True,True,,
experiment3::sub-27::ses-02::stim05,experiment3,experiment3::sub-27,sub-27,ses-02,stim05,0,distracted,0.9037030422099184,128,124,4,0,True,63,63,0,0,True,31,31,0,0,True,20,20,0,0,True,15,15,0,0,True,True,,
experiment3::sub-27::ses-02::stim06,experiment3,experiment3::sub-27,sub-27,ses-02,stim06,0,distracted,0.8957660410301178,131,131,0,0,True,65,65,0,0,True,32,32,0,0,True,21,21,0,0,True,15,15,0,0,True,True,,
experiment3::sub-29::ses-01::stim01,experiment3,experiment3::sub-29,sub-29,ses-01,stim01,1,attentive,0.95971989466124,127,127,0,0,True,63,63,0,0,True,31,31,0,0,True,20,20,0,0,True,15,15,0,0,True,True,,
experiment3::sub-29::ses-01::stim02,experiment3,experiment3::sub-29,sub-29,ses-01,stim02,1,attentive,0.974164101018365,178,178,0,0,True,88,88,0,0,True,43,43,0,0,True,28,28,0,0,True,21,21,0,0,True,True,,
experiment3::sub-29::ses-01::stim03,experiment3,experiment3::sub-29,sub-29,ses-01,stim03,1,attentive,0.969014341412253,168,168,0,0,True,83,83,0,0,True,41,41,0,0,True,27,27,0,0,True,20,20,0,0,True,True,,
experiment3::sub-29::ses-01::stim04,experiment3,experiment3::sub-29,sub-29,ses-01,stim04,1,attentive,0.9564327544631096,189,189,0,0,True,94,94,0,0,True,46,46,0,0,True,30,30,0,0,True,22,22,0,0,True,True,,
experiment3::sub-29::ses-01::stim05,experiment3,experiment3::sub-29,sub-29,ses-01,stim05,1,attentive,0.9707983568494374,128,128,0,0,True,63,63,0,0,True,31,31,0,0,True,20,20,0,0,True,15,15,0,0,True,True,,
experiment3::sub-29::ses-01::stim06,experiment3,experiment3::sub-29,sub-29,ses-01,stim06,1,attentive,0.97698239487851,131,131,0,0,True,65,65,0,0,True,32,32,0,0,True,21,21,0,0,True,15,15,0,0,True,True,,
experiment3::sub-29::ses-02::stim01,experiment3,experiment3::sub-29,sub-29,ses-02,stim01,0,distracted,0.9520588939430212,127,127,0,0,True,63,63,0,0,True,31,31,0,0,True,20,20,0,0,True,15,15,0,0,True,True,,
experiment3::sub-29::ses-02::stim02,experiment3,experiment3::sub-29,sub-29,ses-02,stim02,0,distracted,0.9442590479471226,178,178,0,0,True,88,88,0,0,True,43,43,0,0,True,28,28,0,0,True,21,21,0,0,True,True,,
experiment3::sub-29::ses-02::stim03,experiment3,experiment3::sub-29,sub-29,ses-02,stim03,0,distracted,0.96096582229417,168,168,0,0,True,83,83,0,0,True,41,41,0,0,True,27,27,0,0,True,20,20,0,0,True,True,,
experiment3::sub-29::ses-02::stim04,experiment3,experiment3::sub-29,sub-29,ses-02,stim04,0,distracted,0.9343857018379298,189,189,0,0,True,94,94,0,0,True,46,46,0,0,True,30,30,0,0,True,22,22,0,0,True,True,,
experiment3::sub-29::ses-02::stim05,experiment3,experiment3::sub-29,sub-29,ses-02,stim05,0,distracted,0.9537417395963564,128,128,0,0,True,63,63,0,0,True,31,31,0,0,True,20,20,0,0,True,15,15,0,0,True,True,,
experiment3::sub-29::ses-02::stim06,experiment3,experiment3::sub-29,sub-29,ses-02,stim06,0,distracted,0.9573112178088172,131,131,0,0,True,65,65,0,0,True,32,32,0,0,True,21,21,0,0,True,15,15,0,0,True,True,,
experiment3::sub-31::ses-01::stim01,experiment3,experiment3::sub-31,sub-31,ses-01,stim01,1,attentive,0.971750059851568,127,127,0,0,True,63,63,0,0,True,31,31,0,0,True,20,20,0,0,True,15,15,0,0,True,True,,
experiment3::sub-31::ses-01::stim02,experiment3,experiment3::sub-31,sub-31,ses-01,stim02,1,attentive,0.9779964260339742,178,178,0,0,True,88,88,0,0,True,43,43,0,0,True,28,28,0,0,True,21,21,0,0,True,True,,
experiment3::sub-31::ses-01::stim03,experiment3,experiment3::sub-31,sub-31,ses-01,stim03,1,attentive,0.9477416265760732,168,168,0,0,True,83,83,0,0,True,41,41,0,0,True,27,27,0,0,True,20,20,0,0,True,True,,
experiment3::sub-31::ses-01::stim04,experiment3,experiment3::sub-31,sub-31,ses-01,stim04,1,attentive,0.9728059332509272,189,189,0,0,True,94,94,0,0,True,46,46,0,0,True,30,30,0,0,True,22,22,0,0,True,True,,
experiment3::sub-31::ses-01::stim05,experiment3,experiment3::sub-31,sub-31,ses-01,stim05,1,attentive,0.975263439899982,128,128,0,0,True,63,63,0,0,True,31,31,0,0,True,20,20,0,0,True,15,15,0,0,True,True,,
experiment3::sub-31::ses-01::stim06,experiment3,experiment3::sub-31,sub-31,ses-01,stim06,1,attentive,0.979688636694311,131,131,0,0,True,65,65,0,0,True,32,32,0,0,True,21,21,0,0,True,15,15,0,0,True,True,,
experiment3::sub-31::ses-02::stim01,experiment3,experiment3::sub-31,sub-31,ses-02,stim01,0,distracted,0.9390112520948048,127,127,0,0,True,63,63,0,0,True,31,31,0,0,True,20,20,0,0,True,15,15,0,0,True,True,,
experiment3::sub-31::ses-02::stim02,experiment3,experiment3::sub-31,sub-31,ses-02,stim02,0,distracted,0.9419122871229574,178,178,0,0,True,88,88,0,0,True,43,43,0,0,True,28,28,0,0,True,21,21,0,0,True,True,,
experiment3::sub-31::ses-02::stim03,experiment3,experiment3::sub-31,sub-31,ses-02,stim03,0,distracted,0.9767208554686608,168,168,0,0,True,83,83,0,0,True,41,41,0,0,True,27,27,0,0,True,20,20,0,0,True,True,,
experiment3::sub-31::ses-02::stim04,experiment3,experiment3::sub-31,sub-31,ses-02,stim04,0,distracted,0.9271717765304262,189,189,0,0,True,94,94,0,0,True,46,46,0,0,True,30,30,0,0,True,22,22,0,0,True,True,,
experiment3::sub-31::ses-02::stim05,experiment3,experiment3::sub-31,sub-31,ses-02,stim05,0,distracted,0.9293921533607192,128,128,0,0,True,63,63,0,0,True,31,31,0,0,True,20,20,0,0,True,15,15,0,0,True,True,,
experiment3::sub-31::ses-02::stim06,experiment3,experiment3::sub-31,sub-31,ses-02,stim06,0,distracted,0.9599883602502546,131,131,0,0,True,65,65,0,0,True,32,32,0,0,True,21,21,0,0,True,15,15,0,0,True,True,,
