duration_seconds,scientific_role,analysis_type,dataset_or_direction,path,participants,recordings,pooled_accuracy,pooled_balanced_accuracy,pooled_macro_f1,pooled_roc_auc,pooled_pr_auc,participant_macro_accuracy,participant_macro_balanced_accuracy,participant_macro_macro_f1,participant_macro_roc_auc,participant_macro_pr_auc,pooled_balanced_accuracy_ci_lower,pooled_balanced_accuracy_ci_upper,pooled_macro_f1_ci_lower,pooled_macro_f1_ci_upper,participant_macro_balanced_accuracy_ci_lower,participant_macro_balanced_accuracy_ci_upper,participant_macro_macro_f1_ci_lower,participant_macro_macro_f1_ci_upper,threshold_values,summary_sha256,bootstrap_sha256,all_numerical_checks_passed,descriptive_rank_within_setting,temporal_role,primary_four_second_392_recording_analysis_replaced,reference_04s_balanced_accuracy,reference_04s_macro_f1,reference_04s_roc_auc,reference_04s_pr_auc,delta_balanced_accuracy_vs_04s,delta_macro_f1_vs_04s,delta_roc_auc_vs_04s,delta_pr_auc_vs_04s,temporal_descriptive_rank_within_setting_duration
4,matched_sensitivity_reference,cross_experiment,experiment2_to_experiment3,ECG_EEG_Pupil,16,187,0.641711229946524,0.645823798627002,0.618634523483396,0.667505720823799,0.680814433858611,0.640388257575758,0.635416666666667,0.552424031238369,0.789930555555556,0.825147306397306,0.571125015158865,0.72918835812357,0.510152539883577,0.717948717948718,0.5625,0.71875,0.44587835265225,0.670433192343808,0.6,509a0a2720bcfa0187995aef750f53d573d3ddc4988a8e66f42a622b85fbbe26,3adac065b26970810c8fd7b56bb9f161f0536bddf40b0260305d7eed1afde5d4,True,1,matched_four_second_reference,,0.645823798627002,0.618634523483396,0.667505720823799,0.680814433858611,0,0,0,0,1
4,matched_sensitivity_reference,cross_experiment,experiment2_to_experiment3,EEG,16,187,0.647058823529412,0.643020594965675,0.621039056742815,0.654805491990847,0.631992783646816,0.646070075757576,0.647916666666667,0.552153361344538,0.795833333333333,0.82672821969697,0.556059782608696,0.736842105263158,0.496599583622484,0.728071730745303,0.564583333333333,0.738541666666667,0.434247198879552,0.677749474789916,0.4,e9b1c64c93748e6ff083ac40d245e0c9fd5120da8fa3fd7122c631ab7b04acec,4120eaa6ede1be14ca3a701da2da94ab3d3e7dfbdb0fed8cb3885f69e374e05e,True,2,matched_four_second_reference,,0.643020594965675,0.621039056742815,0.654805491990847,0.631992783646816,0,0,0,0,2
4,matched_sensitivity_reference,cross_experiment,experiment2_to_experiment3,ECG_EEG,16,187,0.636363636363636,0.631979405034325,0.604601990049751,0.672654462242563,0.640927185095736,0.635653409090909,0.625,0.526345315223992,0.781597222222222,0.825921792328042,0.552083333333333,0.71384513658974,0.476142927365256,0.705790360391375,0.546875,0.708333333333333,0.414684201368484,0.642610584115639,0.4,92bc42d8c4fd095bbe5b479be5a693a1adfdb459f2ab60545b2925182dfdecdd,3cd77f0fd5ae4c2c51ce26f2114fcf5392cae8fb8ddab89aeb6dba52aea00d2c,True,3,matched_four_second_reference,,0.631979405034325,0.604601990049751,0.672654462242563,0.640927185095736,0,0,0,0,3
4,matched_sensitivity_reference,cross_experiment,experiment2_to_experiment3,EEG_Pupil,16,187,0.593582887700535,0.597254004576659,0.573059360730594,0.694965675057208,0.69138999908484,0.593039772727273,0.590625,0.503542790950879,0.783333333333333,0.82818737974988,0.53800682923341,0.664988798045799,0.467741935483871,0.658614872105688,0.530208333333333,0.659375,0.415322882030143,0.602873515373515,0.6,8004c7fa573d42299eb7cba3b464038fdb667e51c412f8722a0d56ede42a0e1e,d65013d95cbade225bbf7c336d33975bba8ad0388d83d977b8b9a592ec659b81,True,4,matched_four_second_reference,,0.597254004576659,0.573059360730594,0.694965675057208,0.69138999908484,0,0,0,0,4
4,matched_sensitivity_reference,cross_experiment,experiment2_to_experiment3,Pupil,16,187,0.572192513368984,0.567276887871854,0.52489837398374,0.704576659038902,0.683849112820818,0.574573863636364,0.565625,0.455164453601954,0.838541666666667,0.872933576839827,0.523970251716247,0.618848979842688,0.431174570797212,0.59952163621814,0.520833333333333,0.61875,0.380952380952381,0.540862475198412,0.4,2f584dbcf85e2a08dcf5059a46c665f12daff40deff3b25539e84e7a3b5d48de,52e6abb807efb1d7f0c1b9268d0369d217f1668038eb5f23aaebba45551ce561,True,5,matched_four_second_reference,,0.567276887871854,0.52489837398374,0.704576659038902,0.683849112820818,0,0,0,0,5
4,matched_sensitivity_reference,cross_experiment,experiment2_to_experiment3,ECG_Pupil,16,187,0.556149732620321,0.556121281464531,0.556098956098956,0.569679633867277,0.604131955094039,0.557054924242424,0.552083333333333,0.427205040670114,0.728125,0.762471440596441,0.505842008868325,0.617499538173994,0.49366406544181,0.614027831122404,0.505208333333333,0.609375,0.352315465248599,0.518920474439776,0.3,98b1c99187cfcb8cf811837a4d953052091f11b07c81f59f63a8d07f094c70df,4ab1a2db87edbb3c55cadeffb23c0912959bf8d49a8509942106f5a2a1b1257f,True,6,matched_four_second_reference,,0.556121281464531,0.556098956098956,0.569679633867277,0.604131955094039,0,0,0,0,6
4,matched_sensitivity_reference,cross_experiment,experiment2_to_experiment3,ECG,16,187,0.508021390374332,0.510983981693364,0.492207792207792,0.525858123569794,0.537727203331081,0.510179924242424,0.505208333333333,0.378019269333608,0.554513888888889,0.689323292448292,0.453125,0.567094952181388,0.402403978594407,0.555505214853767,0.447916666666667,0.557291666666667,0.318224474284906,0.450405242735206,0.4,c98de50d6c7b4a37282e52d264efe95111c74ca2d7f86b817dd9f2eec6ab9ca2,c3ef589aeaddc7c840a9113f8fa5b961a5243a5e759b535b2b40fe12e44bf8dd,True,7,matched_four_second_reference,,0.510983981693364,0.492207792207792,0.525858123569794,0.537727203331081,0,0,0,0,7
8,post_primary_temporal_sensitivity,cross_experiment,experiment2_to_experiment3,EEG_Pupil,16,187,0.689839572192513,0.688386727688787,0.686604253351826,0.708352402745995,0.650981103035064,0.687736742424242,0.677083333333333,0.608519284024799,0.823611111111111,0.847923054954305,0.602243215444503,0.776043567840974,0.588702826210454,0.775350278437836,0.593619791666667,0.765625,0.49352610815961,0.726636162933268,0.4,e2e3f5a36877ce180497eea3975937b31533aff38b4faa31da56a146fb8e569f,dc31bac05c85fd87ac86cf759b05825b54c08de8c63f88a9888a74af3015f187,True,1,post_primary_temporal_sensitivity,False,0.597254004576659,0.573059360730594,0.694965675057208,0.69138999908484,0.0911327231121279,0.113544892621232,0.013386727688787,-0.040408896049776,1
8,post_primary_temporal_sensitivity,cross_experiment,experiment2_to_experiment3,Pupil,16,187,0.6524064171123,0.652745995423341,0.652366652366652,0.673684210526316,0.665358718774178,0.64749053030303,0.655208333333333,0.584425582587347,0.827083333333333,0.867198397667148,0.578231831221611,0.733701871159334,0.573654247692028,0.732515945518001,0.583333333333333,0.733333333333333,0.48477728970376,0.690023047316246,0.5,351695d87af7cdd9a87a5e6fe2c52c688f25a11ab85f37bc683382e6650b1bdd,ccec8154964735238710d7b855596c162959b51fb4cfc798afe748927d0cd846,True,2,post_primary_temporal_sensitivity,False,0.567276887871854,0.52489837398374,0.704576659038902,0.683849112820818,0.085469107551487,0.127468278382912,-0.030892448512586,-0.01849039404664,2
8,post_primary_temporal_sensitivity,cross_experiment,experiment2_to_experiment3,ECG_EEG,16,187,0.6524064171123,0.647940503432494,0.620784325960128,0.688100686498856,0.64618981194359,0.651278409090909,0.640625,0.543453727644904,0.805555555555556,0.840563371813372,0.559135137840311,0.743067180895372,0.476408144762193,0.736103440820364,0.557291666666667,0.734375,0.422986694677871,0.671363357843137,0.4,f63233c5311d990ee8706da9af55747b347e8d36a5570a535ae2fd4bc31a25ca,628417b70a626dc410b34af331f81669741addb2c3b23b1478a5c953f8526846,True,3,post_primary_temporal_sensitivity,False,0.631979405034325,0.604601990049751,0.672654462242563,0.640927185095736,0.0159610983981689,0.016182335910377,0.0154462242562931,0.00526262684785406,3
8,post_primary_temporal_sensitivity,cross_experiment,experiment2_to_experiment3,ECG_EEG_Pupil,16,187,0.636363636363636,0.634382151029748,0.629746098299557,0.695766590389016,0.702158276071555,0.636126893939394,0.627083333333333,0.547331732809674,0.786111111111111,0.837411691317941,0.567839324874687,0.71181016222858,0.549363116458705,0.710007464706629,0.5625,0.703125,0.455716109360411,0.649445293268823,0.4,3183802b56c9f1765654521127b5184f11bb57f6c91d2bdafe9c287689d1ecfe,f8e88f64e63defdcf37f56cf7fd6888ff65cbe90381dfe88d0abc3f3316d0b76,True,4,post_primary_temporal_sensitivity,False,0.645823798627002,0.618634523483396,0.667505720823799,0.680814433858611,-0.011441647597254,0.011111574816161,0.028260869565217,0.0213438422129441,4
8,post_primary_temporal_sensitivity,cross_experiment,experiment2_to_experiment3,EEG,16,187,0.631016042780749,0.629462242562929,0.626746506986028,0.647368421052632,0.608117747911608,0.625710227272727,0.63125,0.535382632073809,0.783333333333333,0.827844291125541,0.55560794111326,0.708333333333333,0.538124892120755,0.705979317851959,0.5625,0.705208333333333,0.431931032356124,0.647135813022762,0.5,ed14d97f812efb983663dc4c6e427fcca9b11d601b0c1428f8b9417cabe74c91,052871fc3857fca5b54640fab792cb168df59cdcabdc3bd0331954328c083d4a,True,5,post_primary_temporal_sensitivity,False,0.643020594965675,0.621039056742815,0.654805491990847,0.631992783646816,-0.0135583524027459,0.00570745024321295,-0.007437070938215,-0.023875035735208,5
8,post_primary_temporal_sensitivity,cross_experiment,experiment2_to_experiment3,ECG_Pupil,16,187,0.572192513368984,0.574313501144165,0.565621370499419,0.622997711670481,0.65033875450796,0.572679924242424,0.567708333333333,0.440143496209673,0.886458333333333,0.909850739538239,0.509941520467836,0.660411899313501,0.478749000936172,0.654635313652235,0.505208333333333,0.65625,0.353202939829778,0.554690407631584,0.4,097d4426e742bda0a88c48950155768c89d08f4313e25668cb46df4ffc2a9cdb,d409fd8a746251f878fda327185f5dbf087eca82b153219477b48a2db0bb1f35,True,6,post_primary_temporal_sensitivity,False,0.556121281464531,0.556098956098956,0.569679633867277,0.604131955094039,0.018192219679634,0.00952241440046298,0.053318077803204,0.0462067994139209,6
8,post_primary_temporal_sensitivity,cross_experiment,experiment2_to_experiment3,ECG,16,187,0.491978609625668,0.490217391304348,0.484848484848485,0.489244851258581,0.519753260013318,0.494554924242424,0.489583333333333,0.36362819166128,0.443055555555556,0.585868130711881,0.426596077211916,0.538702007486337,0.40313055716177,0.534706134706135,0.427083333333333,0.536458333333333,0.308428801207983,0.41716884410014,0.3,3c8576069461fc7376c678a7f1c5e2386d3cf5794f2d88c89447faeeeb22b956,6c7257b949df38e50288978eb20c7459465673609a7ae42bcf30f9748e8d2649,True,7,post_primary_temporal_sensitivity,False,0.510983981693364,0.492207792207792,0.525858123569794,0.537727203331081,-0.020766590389016,-0.00735930735930701,-0.036613272311213,-0.017973943317763,7
16,post_primary_temporal_sensitivity,cross_experiment,experiment2_to_experiment3,EEG_Pupil,16,187,0.663101604278075,0.660869565217391,0.655375164545853,0.699713958810069,0.641166355323725,0.661695075757576,0.651041666666667,0.570721037540891,0.801736111111111,0.832497294372294,0.58581560283688,0.743625687305761,0.561287751808471,0.741162802144547,0.578125,0.734375,0.466817781636256,0.682706415061654,0.4,1f8b049f6fd7aacab3d675ed82a0519049d200fdb03527577214899fddd203ba,184c26b98563bdcc62c45fd5a1f9337cdf4530b5fe0c13a8e4994e49ded0dec7,True,1,post_primary_temporal_sensitivity,False,0.597254004576659,0.573059360730594,0.694965675057208,0.69138999908484,0.063615560640732,0.0823158038152589,0.00474828375286107,-0.050223643761115,1
16,post_primary_temporal_sensitivity,cross_experiment,experiment2_to_experiment3,EEG,16,187,0.6524064171123,0.650686498855835,0.647527910685805,0.645080091533181,0.628324573644866,0.647017045454545,0.653125,0.55305454349572,0.793055555555556,0.853617273929774,0.555568149623238,0.753091509344012,0.540678702017942,0.74867505371809,0.564583333333333,0.751041666666667,0.426654197518168,0.688357837015925,0.5,3ef6a668ab7666b02f96d7bd74077264012ebd511e0a5e1a8dd6f3ad9c1951f2,d5233a0246c35c62325b179ad56c0df728226bafba94ac9c36df057070cce7f2,True,2,post_primary_temporal_sensitivity,False,0.643020594965675,0.621039056742815,0.654805491990847,0.631992783646816,0.00766590389015998,0.0264888539429899,-0.00972540045766601,-0.00366821000194995,2
16,post_primary_temporal_sensitivity,cross_experiment,experiment2_to_experiment3,Pupil,16,187,0.60427807486631,0.606922196796339,0.59452648851383,0.662585812356979,0.655287941952659,0.604876893939394,0.611458333333333,0.529651231121819,0.817361111111111,0.856349957912458,0.549885488853184,0.67087929264651,0.519946881363355,0.661778102721398,0.552083333333333,0.673958333333333,0.447803640905663,0.615119121075003,0.5,426ff73dca08004ad397bbf050f2ee001434160b50ff726817beee5014d67bd2,695d184e60a31f129d58f896fea7d0b29c24f9b606a553df7d1fe4d754018c14,True,3,post_primary_temporal_sensitivity,False,0.567276887871854,0.52489837398374,0.704576659038902,0.683849112820818,0.0396453089244849,0.0696281145300901,-0.041990846681923,-0.0285611708681589,3
16,post_primary_temporal_sensitivity,cross_experiment,experiment2_to_experiment3,ECG_EEG_Pupil,16,187,0.598930481283422,0.603203661327231,0.570641359253023,0.67837528604119,0.696896325028687,0.598721590909091,0.59375,0.48181969684727,0.765277777777778,0.830448908730159,0.530220713073005,0.68811544991511,0.455813399066662,0.673338394265752,0.520833333333333,0.677083333333333,0.381928943452381,0.602362792308794,0.6,417a3aa3e8e4e47dc5bc16a3a76125a9baeac780b287f95fd3726f30c4478f44,72d74f44eeceef5288ba34c91f4a0a20935bca55b5fb6336e3e59b978008c75b,True,4,post_primary_temporal_sensitivity,False,0.645823798627002,0.618634523483396,0.667505720823799,0.680814433858611,-0.042620137299771,-0.047993164230373,0.010869565217391,0.0160818911700761,4
16,post_primary_temporal_sensitivity,cross_experiment,experiment2_to_experiment3,ECG_EEG,16,187,0.593582887700535,0.595537757437071,0.58839202965709,0.648627002288329,0.656223802045495,0.594460227272727,0.598958333333333,0.511807677616501,0.725,0.789363576238576,0.526041666666667,0.677083333333333,0.502644833084164,0.673536096256684,0.529166666666667,0.679166666666667,0.414443767017296,0.621663232600733,0.7,0f85534966b2c293e6e1b0d0c8666007e44919151efcb2497cd07b2465c82d97,c9035e81a1d3ca024c681ceea704bf4e8d2afd23452d0c534c8637c7924643d0,True,5,post_primary_temporal_sensitivity,False,0.631979405034325,0.604601990049751,0.672654462242563,0.640927185095736,-0.036441647597254,-0.016209960392661,-0.0240274599542339,0.015296616949759,5
16,post_primary_temporal_sensitivity,cross_experiment,experiment2_to_experiment3,ECG_Pupil,16,187,0.582887700534759,0.585869565217391,0.569480519480519,0.611670480549199,0.649378582554837,0.583096590909091,0.578125,0.452696695665446,0.848611111111111,0.871040013227513,0.517945590784126,0.674875010519267,0.464368966666438,0.664198048602533,0.505208333333333,0.666666666666667,0.358480235042735,0.570187538156288,0.4,be1ff55033883af59d9560fc5ca1e3858b9b7d9fa90fbfb82d5201c681d9d4cc,d5dcafb64740affa54bd4c819d0a499b47b6f360cbc59b66ad1afd3d2360e6d5,True,6,post_primary_temporal_sensitivity,False,0.556121281464531,0.556098956098956,0.569679633867277,0.604131955094039,0.02974828375286,0.013381563381563,0.041990846681922,0.045246627460798,6
16,post_primary_temporal_sensitivity,cross_experiment,experiment2_to_experiment3,ECG,16,187,0.508021390374332,0.508237986270023,0.508007320979181,0.500686498855835,0.526017475901229,0.510179924242424,0.505208333333333,0.377463268961431,0.472916666666667,0.616233540764791,0.456116275743707,0.558746462931522,0.444777745540671,0.554675903018308,0.453125,0.552083333333333,0.324979967948718,0.440078377504848,0.4,d4e9f909f805ef83bb26b85f78e8bcdfbb3a14d32fff5b029b58e4dbffc15e31,9e15a1b189b7c851e0127ae989b5afa8779f113110e43eb777ac231f1e684f1a,True,7,post_primary_temporal_sensitivity,False,0.510983981693364,0.492207792207792,0.525858123569794,0.537727203331081,-0.00274599542334097,0.015799528771389,-0.025171624713959,-0.011709727429852,7
24,post_primary_temporal_sensitivity,cross_experiment,experiment2_to_experiment3,EEG_Pupil,16,187,0.668449197860963,0.665274599542334,0.65337239894762,0.680892448512586,0.626253034506983,0.664299242424242,0.655208333333333,0.575108010861687,0.811805555555556,0.845430495430495,0.578119274527187,0.75844572368421,0.541254299562226,0.754995058149842,0.567708333333333,0.748958333333333,0.45676281056566,0.697706516828759,0.4,fa6dba1c787a7e239e74056706bb44a8e9680261e4f972421bbf0e677a2129b4,6563d4d9f3f47ad9dbe739a1832130b03c02662d71a35e5b37b3d3cabb9d14b5,True,1,post_primary_temporal_sensitivity,False,0.597254004576659,0.573059360730594,0.694965675057208,0.69138999908484,0.068020594965675,0.080313038217026,-0.014073226544622,-0.065136964577857,1
24,post_primary_temporal_sensitivity,cross_experiment,experiment2_to_experiment3,EEG,16,187,0.636363636363636,0.634897025171625,0.632570503929727,0.637757437070938,0.627712620606018,0.631392045454545,0.6375,0.536460720651897,0.760763888888889,0.822793034511784,0.550053503957549,0.728306637979122,0.535022555305278,0.724977669625276,0.557291666666667,0.726093749999999,0.419098548510313,0.662357238349885,0.5,19f2703719b51e3250b4ad715bf5b64e482b6d26b53ea95174375764d0dde98a,7de2b0c1a6528c868d5979969b14da50046b8685a8185c2ce63dc4712765ad4b,True,2,post_primary_temporal_sensitivity,False,0.643020594965675,0.621039056742815,0.654805491990847,0.631992783646816,-0.00812356979404993,0.011531447186912,-0.017048054919909,-0.00428016304079804,2
24,post_primary_temporal_sensitivity,cross_experiment,experiment2_to_experiment3,ECG_EEG_Pupil,16,187,0.636363636363636,0.634725400457666,0.631719184430028,0.719679633867277,0.73915394533593,0.635653409090909,0.626041666666667,0.539431493751347,0.825347222222222,0.859018007455507,0.562329753589356,0.721934776457272,0.547819057196107,0.718265390072482,0.554166666666667,0.713541666666667,0.440985316001401,0.653020429325576,0.4,ab2fec798bcd3fbba72f8cccfbd82bd855d517b2c3fc8473b6bb812927c18f54,70ec0ba041082ec595410e12adf417da4100d4fb09588d5c6760376db890aa4c,True,3,post_primary_temporal_sensitivity,False,0.645823798627002,0.618634523483396,0.667505720823799,0.680814433858611,-0.011098398169336,0.013084660946632,0.052173913043478,0.0583395114773191,3
24,post_primary_temporal_sensitivity,cross_experiment,experiment2_to_experiment3,Pupil,16,187,0.572192513368984,0.575171624713959,0.558441558441558,0.647940503432494,0.630299240637811,0.568418560606061,0.578125,0.480915530547883,0.787847222222222,0.833313416907167,0.493642446611077,0.660472861842105,0.455286476110896,0.652243682588047,0.5,0.661458333333333,0.388339142475172,0.587545963534015,0.5,8ecbc3f9bb937a86530b452d21f0b5bdc18df6c7e599bd4a9348edf62f241057,3c0ac0959cf86b022b2d1f7163c64eeecb1691bc9a2b10acb3a853cc5688e3d7,True,4,post_primary_temporal_sensitivity,False,0.567276887871854,0.52489837398374,0.704576659038902,0.683849112820818,0.00789473684210495,0.033543184457818,-0.056636155606408,-0.053549872183007,4
24,post_primary_temporal_sensitivity,cross_experiment,experiment2_to_experiment3,ECG_EEG,16,187,0.566844919786096,0.565961098398169,0.56505384063173,0.631235697940503,0.652746054115342,0.567945075757576,0.561458333333333,0.457147754206578,0.726388888888889,0.795001728595478,0.505208333333333,0.644040582298967,0.494447342900848,0.640886651373055,0.504166666666667,0.638541666666667,0.370793067226891,0.562127266116237,0.6,bb68e5a957ad00da452c4b3ddb3c979ad7aa9fce105cac6ea504e4bc2d06bae4,1cd4a40c5b8fbc5c1288a82f238664ff64cda83a918c93e7469f76242cbfac72,True,5,post_primary_temporal_sensitivity,False,0.631979405034325,0.604601990049751,0.672654462242563,0.640927185095736,-0.066018306636156,-0.039548149418021,-0.0414187643020599,0.011818869019606,5
24,post_primary_temporal_sensitivity,cross_experiment,experiment2_to_experiment3,ECG_Pupil,16,187,0.550802139037433,0.553432494279176,0.539732770745429,0.614988558352403,0.661137015563117,0.551846590909091,0.546875,0.419310162876339,0.854513888888889,0.880148584054834,0.509702576754386,0.617130325814536,0.4517727029438,0.608859538833511,0.505208333333333,0.609375,0.352938441001401,0.509787845426632,0.4,b31d8ef9f5b5028e83c037bf094657d55d13a83ecf8942c37d13399f20a23524,1cc9e918d70443df10c543c6f7ea59a5ba2fc6a1430a57da9b39766f14635b35,True,6,post_primary_temporal_sensitivity,False,0.556121281464531,0.556098956098956,0.569679633867277,0.604131955094039,-0.00268878718535503,-0.016366185353527,0.0453089244851259,0.0570050604690779,6
24,post_primary_temporal_sensitivity,cross_experiment,experiment2_to_experiment3,ECG,16,187,0.508021390374332,0.506864988558352,0.504835367257656,0.492677345537757,0.538274196671238,0.510179924242424,0.505208333333333,0.377647092490842,0.484375,0.627227257696008,0.448279462242563,0.557291666666667,0.432578556143267,0.553681537224138,0.447916666666667,0.552083333333333,0.321184820081879,0.437838356496445,0.3,422276fa81bc602ad3ad918164f3fb238bbc77a64f34e26354e3c273f554462e,be70a7ea7fac14a161fddddc2c03ba680125786239ac0fe397c792b09d3a96b4,True,7,post_primary_temporal_sensitivity,False,0.510983981693364,0.492207792207792,0.525858123569794,0.537727203331081,-0.00411899313501196,0.012627575049864,-0.033180778032037,0.000546993340156954,7
32,post_primary_temporal_sensitivity,cross_experiment,experiment2_to_experiment3,EEG_Pupil,16,187,0.6524064171123,0.650514874141876,0.646585060913558,0.671281464530892,0.64021377741162,0.651751893939394,0.641666666666667,0.5668211996337,0.832986111111111,0.866518683862434,0.575591713659148,0.731092616941589,0.55476060369503,0.729137276180141,0.56875,0.723958333333333,0.464585084033613,0.674793417366947,0.4,8a1e12189d5f15dc315433958198dc28290495700ff70fc84eab346ac9aae111,7438375dc79b43a51f77e766e09a51348f0a04ec0a09dab1c20b5b0a9d1b78be,True,1,post_primary_temporal_sensitivity,False,0.597254004576659,0.573059360730594,0.694965675057208,0.69138999908484,0.053260869565217,0.073525700182964,-0.023684210526316,-0.05117622167322,1
32,post_primary_temporal_sensitivity,cross_experiment,experiment2_to_experiment3,EEG,16,187,0.647058823529412,0.644565217391304,0.637085391672548,0.677231121281465,0.660690571572892,0.649147727272727,0.65,0.567523101898102,0.828125,0.877217487373737,0.566044635546485,0.731180579684325,0.531926117775354,0.728441784270593,0.572916666666667,0.733333333333333,0.461044183298319,0.682145596437876,0.5,acd4fbdc208f0c94f840c7053d6c49fb0e4d9e4275c1a17b2ee528093da51036,8801a5f285cbc86f2055d4ecf466fdd3501e6c3ecab01caa74873faf42509d19,True,2,post_primary_temporal_sensitivity,False,0.643020594965675,0.621039056742815,0.654805491990847,0.631992783646816,0.00154462242562903,0.016046334929733,0.022425629290618,0.028697787926076,2
32,post_primary_temporal_sensitivity,cross_experiment,experiment2_to_experiment3,ECG_EEG_Pupil,16,187,0.641711229946524,0.640160183066361,0.63756544881252,0.702745995423341,0.726047635353261,0.641335227272727,0.633333333333333,0.544197928297193,0.823611111111111,0.856260897667148,0.562941477189737,0.727508798457838,0.550720867441275,0.724607556227789,0.558307291666667,0.721875,0.439129497953027,0.661315988698801,0.4,de53436e6d2fbe0e0989d09c3b416ace701e3aa6d7cc316c1fd6135c68dfa561,961223ecd41768515a185d2370379e921e071ead18a99ebb21cae5f8ece79fea,True,3,post_primary_temporal_sensitivity,False,0.645823798627002,0.618634523483396,0.667505720823799,0.680814433858611,-0.00566361556064099,0.018930925329124,0.035240274599542,0.04523320149465,3
32,post_primary_temporal_sensitivity,cross_experiment,experiment2_to_experiment3,ECG_EEG,16,187,0.572192513368984,0.572597254004577,0.5720823798627,0.643935926773455,0.632440809751304,0.576704545454546,0.579166666666667,0.485869599150849,0.744791666666667,0.813291771885522,0.513541666666667,0.642653395658715,0.505693217269448,0.640642924938453,0.515625,0.653125,0.400227792912765,0.583794989604962,0.7,ea0bd0f28ac3f4918bc1b51ff27d4b63615dd79a8fbbe070d5dfe6d82ef704b3,377f66e26c827a5536a547c7c5d82103220a10815b302097385db1ccec4bcad2,True,4,post_primary_temporal_sensitivity,False,0.631979405034325,0.604601990049751,0.672654462242563,0.640927185095736,-0.0593821510297481,-0.032519610187051,-0.028718535469108,-0.00848637534443197,4
32,post_primary_temporal_sensitivity,cross_experiment,experiment2_to_experiment3,ECG_Pupil,16,187,0.529411764705882,0.532379862700229,0.514285714285714,0.626830663615561,0.663162133412345,0.531013257575758,0.526041666666667,0.381848773163111,0.865625,0.885822135040885,0.50493346291866,0.566157328805886,0.437541559798613,0.553113553113553,0.5,0.557291666666667,0.338441506410256,0.437326276664512,0.4,7d17deddc4061c4bd0fcf3625a03ee21bb5d52cef199dbb3c05a251722fec362,6db9699eea42222fdec21eeeecc38999e5c9bd42c0d17d039f40de3ba43b5fbc,True,5,post_primary_temporal_sensitivity,False,0.556121281464531,0.556098956098956,0.569679633867277,0.604131955094039,-0.023741418764302,-0.041813241813242,0.0571510297482839,0.0590301783183059,5
32,post_primary_temporal_sensitivity,cross_experiment,experiment2_to_experiment3,Pupil,16,187,0.513368983957219,0.519508009153318,0.434068309554691,0.615102974828375,0.614291639360151,0.510179924242424,0.520833333333333,0.386882128288378,0.719791666666667,0.790546461640212,0.499780701754386,0.545333313818473,0.354915205518827,0.494632664590038,0.5,0.546875,0.338596299533799,0.441269147519147,0.6,fb6e8c533c867f3b746134a781c9ee11ed26c91e8d8174660d1491429bade691,0ffaff65a5364452a6635d99cc1cb6f990ac556d576b9cdf313c903d1695a01f,True,6,post_primary_temporal_sensitivity,False,0.567276887871854,0.52489837398374,0.704576659038902,0.683849112820818,-0.0477688787185361,-0.090830064429049,-0.089473684210527,-0.069557473460667,6
32,post_primary_temporal_sensitivity,cross_experiment,experiment2_to_experiment3,ECG,16,187,0.470588235294118,0.471567505720824,0.469069947517853,0.490732265446224,0.540190355589735,0.473721590909091,0.46875,0.369338713778052,0.48125,0.617821894540645,0.394628559442571,0.547753320747851,0.38208094387899,0.54325494083399,0.395833333333333,0.541666666666667,0.298674391631653,0.452156089544646,0.4,5d5201deb5cd40d0fb037223d6c83100af7122746d6a43bc04c8c51088c9eaad,9959bab4e6d852fbc73f7e7c00a2141d13aa5fc2844a0f6e7eb5ccc72b9e2743,True,7,post_primary_temporal_sensitivity,False,0.510983981693364,0.492207792207792,0.525858123569794,0.537727203331081,-0.03941647597254,-0.023137844689939,-0.03512585812357,0.00246315225865401,7
4,matched_sensitivity_reference,cross_experiment,experiment3_to_experiment2,Pupil,20,200,0.61,0.61,0.596940884663084,0.6749,0.664968574830022,0.61,0.61,0.518204711954712,0.744,0.794373015873016,0.535,0.695,0.49813254983466,0.689270979399423,0.535,0.695,0.418884726384726,0.63031282953158,0.6,708e73ba64da2cc0a159a37c46d9ad4d3b0167bbd94c5a6aee4ba4d871dec949,5c83cb132c552057ef3c09e654dff7939c1f4216198dd1130b569f960cb8c0e8,True,1,matched_four_second_reference,,0.61,0.596940884663084,0.6749,0.664968574830022,0,0,0,0,1
4,matched_sensitivity_reference,cross_experiment,experiment3_to_experiment2,ECG_EEG_Pupil,20,200,0.58,0.58,0.576570218772054,0.6257,0.595846099513074,0.58,0.58,0.471611721611722,0.792,0.827281746031746,0.52,0.655,0.502153961116106,0.649883663065102,0.52,0.655,0.387912087912088,0.569418498168498,0.7,87f9947cd87f8efe6547190cefd945222369df415860ea923b7fb9cf028dfa34,45975548eee3ee0f0f4afe165a0fe29810db2646f7fdd083b6eec26856d6470c,True,2,matched_four_second_reference,,0.58,0.576570218772054,0.6257,0.595846099513074,0,0,0,0,2
4,matched_sensitivity_reference,cross_experiment,experiment3_to_experiment2,EEG_Pupil,20,200,0.58,0.58,0.556541019955654,0.6388,0.63177135353973,0.58,0.58,0.461428155178155,0.848,0.877373015873016,0.515,0.66,0.457721872816212,0.645418221269614,0.515,0.66,0.369669913419913,0.567406343656344,0.6,8ab5ace444ff7c8508cd30398e28f8fb39724d0220564ff2ecf3d93867d9220e,8ff122a697b863fac8d85405165f6a85d697444f70a01c522bbf03057290590b,True,3,matched_four_second_reference,,0.58,0.556541019955654,0.6388,0.63177135353973,0,0,0,0,3
4,matched_sensitivity_reference,cross_experiment,experiment3_to_experiment2,ECG_Pupil,20,200,0.575,0.575,0.552337063857801,0.6062,0.633810797338628,0.575,0.575,0.471335608835609,0.752,0.808396825396825,0.5,0.66,0.450117831893166,0.647136413242193,0.5,0.66,0.375729392135642,0.578845356032856,0.6,833e9099e5a79270a38c32342b3cce441850347bb36101a9997fe1f91b396e98,697db1b89a264a27be58616140a8361128e74555a70f26f758d7ac169d88e1f8,True,4,matched_four_second_reference,,0.575,0.552337063857801,0.6062,0.633810797338628,0,0,0,0,4
4,matched_sensitivity_reference,cross_experiment,experiment3_to_experiment2,ECG_EEG,20,200,0.52,0.52,0.461339916956571,0.6652,0.586267087035282,0.52,0.52,0.369230769230769,0.804,0.84602380952381,0.5,0.545,0.382773777237445,0.512463631359597,0.5,0.545,0.333333333333333,0.414652014652015,0.6,1326516f469533be59ab395bb8cf076d564f12d80469f65886f5f4fb2fa7433e,1b94c019d8a65e0d53311fb9c6bf2910538d89a093b2d0f399a97b58d151fd5e,True,5,matched_four_second_reference,,0.52,0.461339916956571,0.6652,0.586267087035282,0,0,0,0,5
4,matched_sensitivity_reference,cross_experiment,experiment3_to_experiment2,EEG,20,200,0.515,0.515,0.419839110021233,0.6231,0.620541266849373,0.515,0.515,0.379464285714286,0.746,0.802539682539683,0.47,0.56,0.337318087318087,0.498144473444168,0.47,0.56,0.329166666666667,0.438690476190476,0.6,240f64b38744360c6e25741f1528529274bf78e075a2332b02e90dd6e05eae05,edc8a2e4b8621132b32872c9ca15a1accaa8a78e1f021ccbc8f68cac4b14b40a,True,6,matched_four_second_reference,,0.515,0.419839110021233,0.6231,0.620541266849373,0,0,0,0,6
4,matched_sensitivity_reference,cross_experiment,experiment3_to_experiment2,ECG,20,200,0.49,0.49,0.481232834909979,0.4935,0.520007435040726,0.49,0.49,0.362110805860806,0.452,0.605353174603175,0.4,0.58,0.376086229946524,0.570262140094542,0.4,0.58,0.279156936813187,0.458931433150182,0.5,a2857b04bb6e04b4d335ceae60c320e398c5e264cd4f6e97164519bd5aff8264,1967dce98bd65138610a93dc00d1dfdb3d014fe1ab28205d00d063f36d7c48a9,True,7,matched_four_second_reference,,0.49,0.481232834909979,0.4935,0.520007435040726,0,0,0,0,7
8,post_primary_temporal_sensitivity,cross_experiment,experiment3_to_experiment2,EEG,20,200,0.61,0.61,0.606815203145478,0.63515,0.621546230505755,0.61,0.61,0.524509518259518,0.774,0.829801587301587,0.54,0.68,0.529239460194581,0.67996799679968,0.54,0.68,0.433038211788212,0.622267437423687,0.5,3b2889282ed20817660ff08bb5a8dd33b597504a2c52767d0b871d1798c46d4e,91e6df5d1a1f12c7ebecaec7ee7c3d07a2589588cdd86f562353a50b71270502,True,1,post_primary_temporal_sensitivity,False,0.515,0.419839110021233,0.6231,0.620541266849373,0.095,0.186976093124245,0.01205,0.00100496365638192,1
8,post_primary_temporal_sensitivity,cross_experiment,experiment3_to_experiment2,ECG_EEG,20,200,0.58,0.58,0.578482537133681,0.6043,0.570537116034687,0.58,0.58,0.461675685425685,0.704,0.781452380952381,0.505,0.665,0.495916927109588,0.664589121674051,0.505,0.665,0.365702380952381,0.578881268037518,0.7,9910acf429e9a8012b11de0f9afa4df77949da5c00005d6eee856511bae1d1a4,1b4d8a338f1882d1dd7f0fea14f2014d52318f5a2357dae04f47377776cd63ef,True,2,post_primary_temporal_sensitivity,False,0.52,0.461339916956571,0.6652,0.586267087035282,0.0599999999999999,0.11714262017711,-0.0609000000000001,-0.0157299710005949,2
8,post_primary_temporal_sensitivity,cross_experiment,experiment3_to_experiment2,ECG_EEG_Pupil,20,200,0.56,0.56,0.56,0.6073,0.58973636431236,0.56,0.56,0.448684648684649,0.808,0.834654761904762,0.505,0.625,0.498183975111,0.623408902613542,0.505,0.625,0.374978354978355,0.537498612498612,0.7,88b2352f95bbf0af90d7d4eb0e6e224aa929c05b9edafc9d6162be5bd06d710f,520e09fefbeb1d4884e5f808c090157351adf3e584910c97c36e8bd08d5571e9,True,3,post_primary_temporal_sensitivity,False,0.58,0.576570218772054,0.6257,0.595846099513074,-0.0199999999999999,-0.016570218772054,-0.0184000000000001,-0.00610973520071401,3
8,post_primary_temporal_sensitivity,cross_experiment,experiment3_to_experiment2,EEG_Pupil,20,200,0.56,0.56,0.502487562189055,0.6665,0.651415512906492,0.56,0.56,0.431149128649129,0.784,0.828111111111111,0.515,0.615,0.403855910705226,0.588224284071767,0.515,0.615,0.361616161616162,0.515397935397935,0.6,77f789fc9760dbe5751627b1a6338fa514edfbb813fe7883f97f6b09fe028936,b1fb8d12f256e965b5c0a6226645c5004749ddc7b929fa69d719048683ecf589,True,4,post_primary_temporal_sensitivity,False,0.58,0.556541019955654,0.6388,0.63177135353973,-0.0199999999999999,-0.054053457766599,0.0276999999999999,0.019644159366762,4
8,post_primary_temporal_sensitivity,cross_experiment,experiment3_to_experiment2,Pupil,20,200,0.52,0.52,0.398119122257053,0.67685,0.674207876514899,0.52,0.52,0.381862581862582,0.746,0.783710317460317,0.48,0.56,0.337318087318087,0.454615638990635,0.48,0.56,0.331313131313131,0.434651459651457,0.7,9ec98b932eeecd7e521d52a2888dac8606bca4fa2fd9b477dae4b8cfa35f0c94,4f78250302ae8fcfc05519ba80ee08eb47539178babc8b74e2004be25a536eb8,True,5,post_primary_temporal_sensitivity,False,0.61,0.596940884663084,0.6749,0.664968574830022,-0.09,-0.198821762406031,0.0019499999999999,0.00923930168487697,5
8,post_primary_temporal_sensitivity,cross_experiment,experiment3_to_experiment2,ECG_Pupil,20,200,0.51,0.51,0.507587177168124,0.5697,0.559345968191627,0.51,0.51,0.392970917970918,0.72,0.798043650793651,0.43,0.59,0.41994199419942,0.584990642978631,0.43,0.59,0.310712551337551,0.485444694194694,0.6,11d374c83a9eff6b15bcb0a807fafc68b04a0c809814d710f6b18bb7895d625b,7026be94ec2783527a854346e6fadad3b9d4fda397493f6e8c60780ab623ae5f,True,6,post_primary_temporal_sensitivity,False,0.575,0.552337063857801,0.6062,0.633810797338628,-0.0649999999999999,-0.0447498866896771,-0.0365,-0.074464829147001,6
8,post_primary_temporal_sensitivity,cross_experiment,experiment3_to_experiment2,ECG,20,200,0.5,0.5,0.47207264280435,0.498,0.522113600389004,0.5,0.5,0.369889971139971,0.506,0.623738095238095,0.43,0.565,0.381367235165584,0.544051326277889,0.43,0.565,0.306190476190476,0.443419913419913,0.4,6e6b2b783d39fafc84ed5fbfed4f11493cc01138ca3541977ca2bf8b20521d30,ba34acf4f15abeefaadab6d8395a9f142ae08a5e44d5facad8ee8a6e201c6dec,True,7,post_primary_temporal_sensitivity,False,0.49,0.481232834909979,0.4935,0.520007435040726,0.01,-0.00916019210562896,0.0045,0.00210616534827801,7
16,post_primary_temporal_sensitivity,cross_experiment,experiment3_to_experiment2,EEG,20,200,0.65,0.65,0.649439102564103,0.6582,0.635542923954111,0.65,0.65,0.570076867576868,0.776,0.824996031746032,0.585,0.715,0.580364278672363,0.714937285924959,0.585,0.715,0.475226960539461,0.66600306984682,0.5,fe4c974c0c1ca3487c3622e060001cc2bd8e8fd46e8c10caf8cea9a2483e9228,6872b57a1ec8e36bb2fb91cbe6fcb2ba9c0dd2c10858d74d792977647882030c,True,1,post_primary_temporal_sensitivity,False,0.515,0.419839110021233,0.6231,0.620541266849373,0.135,0.22959999254287,0.0351,0.015001657104738,1
16,post_primary_temporal_sensitivity,cross_experiment,experiment3_to_experiment2,EEG_Pupil,20,200,0.59,0.59,0.585858585858586,0.6329,0.620241728188987,0.59,0.59,0.488209706959707,0.8,0.823063492063492,0.525,0.66,0.505494505494505,0.657822879209576,0.525,0.66,0.401292925824176,0.585126488095238,0.7,7cd2a14277574372e2d7857b241738fa841591f680a6043f4a25a22b6221d890,5d9d7a564b504d122fe68177edea468b21c63da388486f2b65c7330094bb1d63,True,2,post_primary_temporal_sensitivity,False,0.58,0.556541019955654,0.6388,0.63177135353973,0.01,0.029317565902932,-0.00590000000000002,-0.011529625350743,2
16,post_primary_temporal_sensitivity,cross_experiment,experiment3_to_experiment2,ECG_EEG,20,200,0.58,0.58,0.571603427172583,0.6335,0.572962982012433,0.58,0.58,0.463653707403707,0.758,0.814,0.53,0.635,0.503748284236089,0.628224389498612,0.53,0.635,0.388278388278388,0.545109838078588,0.7,b8978630b85070aff5816487e6f804aa2464ef432c79b9b5e096a4fff096877d,0482aff70479f849f02bdd1492226f4ea41589c44c67bc0753e0d693b6533f1c,True,3,post_primary_temporal_sensitivity,False,0.52,0.461339916956571,0.6652,0.586267087035282,0.0599999999999999,0.110263510216012,-0.0317000000000001,-0.013304105022849,3
16,post_primary_temporal_sensitivity,cross_experiment,experiment3_to_experiment2,ECG_EEG_Pupil,20,200,0.575,0.575,0.572595851665619,0.6275,0.598729320688113,0.575,0.575,0.456793900543901,0.806,0.841452380952381,0.53,0.63,0.511679403629037,0.629851940776311,0.53,0.63,0.382623626373626,0.544762338356088,0.7,918087559e54cf168892c1b75dece03f6088a1f69723a611161c11dc684050f3,71d3d89fedd28cce2a85b1335c85ef2f290bdf4e623d354faa2b6153aa5fb9ec,True,4,post_primary_temporal_sensitivity,False,0.58,0.576570218772054,0.6257,0.595846099513074,-0.005,-0.00397436710643506,0.00179999999999991,0.00288322117503903,4
16,post_primary_temporal_sensitivity,cross_experiment,experiment3_to_experiment2,ECG,20,200,0.55,0.55,0.54995499549955,0.5,0.507513344670193,0.55,0.55,0.439500777000777,0.502,0.619555555555556,0.47,0.64,0.462073815562188,0.638227313837805,0.47,0.64,0.345444139194139,0.550812815656565,0.6,7dfc625dfe481d2f1b212c5c735eed00920ec1dfd363d71614fce3638850d134,e3ddd2e01144868d4e3b7eb12538b51b631be67c6bd27e740702c80b372d7b3d,True,5,post_primary_temporal_sensitivity,False,0.49,0.481232834909979,0.4935,0.520007435040726,0.0600000000000001,0.068722160589571,0.00650000000000001,-0.012494090370533,5
16,post_primary_temporal_sensitivity,cross_experiment,experiment3_to_experiment2,ECG_Pupil,20,200,0.535,0.535,0.534056464340289,0.5675,0.558801002564412,0.535,0.535,0.431799450549451,0.694,0.764277777777778,0.445,0.62,0.44,0.618637571447688,0.445,0.62,0.339464285714286,0.532766712454212,0.5,eca7bfeef61f28f8054299e953602b314dccd837fae983cb495d185b6c0e3bb0,dacb38cbcc360c72e84b67a813e8b64af9b06fba3fb289f45ab9ae5c9ca693d3,True,7,post_primary_temporal_sensitivity,False,0.575,0.552337063857801,0.6062,0.633810797338628,-0.0399999999999999,-0.018280599517512,-0.0387,-0.075009794774216,6
16,post_primary_temporal_sensitivity,cross_experiment,experiment3_to_experiment2,Pupil,20,200,0.535,0.535,0.432494279176201,0.6649,0.664057723270213,0.535,0.535,0.394551282051282,0.728,0.775833333333333,0.5,0.58,0.344349150634127,0.515538843821495,0.5,0.58,0.339194139194139,0.465499084249084,0.7,318c5147e132aace80c095acff42ec7613ebfd10f487b5cba9b786cb2a141385,08a2b900a8509172a7bc80453758e7027f5bf1470938288e0eeeb60c84a9f3eb,True,6,post_primary_temporal_sensitivity,False,0.61,0.596940884663084,0.6749,0.664968574830022,-0.075,-0.164446605486883,-0.01,-0.000910851559809078,7
24,post_primary_temporal_sensitivity,cross_experiment,experiment3_to_experiment2,Pupil,20,200,0.62,0.62,0.61984793917567,0.6545,0.652835385938155,0.62,0.62,0.541638639138639,0.666,0.737960317460318,0.54,0.705,0.533127166642898,0.704815509693558,0.54,0.705,0.43463961038961,0.655120157620158,0.5,d8dabf007b0d019c480bcff5a10e11d061edbf44ae872d171a28c3cb7faa0d16,a2a6cff781c16d84a676036d2d4bba59094f4c71b5c205504cfe0ddef3a9b948,True,1,post_primary_temporal_sensitivity,False,0.61,0.596940884663084,0.6749,0.664968574830022,0.01,0.022907054512586,-0.0204000000000001,-0.012133188891867,1
24,post_primary_temporal_sensitivity,cross_experiment,experiment3_to_experiment2,ECG_EEG_Pupil,20,200,0.565,0.565,0.556924957347661,0.6289,0.618804567739664,0.565,0.565,0.44025974025974,0.786,0.826095238095238,0.5,0.645,0.472920787161487,0.640256263000596,0.5,0.645,0.357575757575757,0.545901875901876,0.7,92fd910bda5f55ea87469e5ff8a5e40595727da1c20b8ad8444ccf9e9421a845,4c64a98c53021d1dbb8a00018f2d1e9e6955886e96b3e96d51eef9a16c0151a9,True,2,post_primary_temporal_sensitivity,False,0.58,0.576570218772054,0.6257,0.595846099513074,-0.015,-0.019645261424393,0.00319999999999998,0.02295846822659,2
24,post_primary_temporal_sensitivity,cross_experiment,experiment3_to_experiment2,EEG_Pupil,20,200,0.56,0.56,0.557165861513688,0.6573,0.699683713191485,0.56,0.56,0.455659340659341,0.824,0.849960317460317,0.485,0.635,0.476591426503104,0.633451331877181,0.485,0.635,0.368679029304029,0.550485347985348,0.7,482269a47ae1c244e1f3d1e5a5f3ed07134789f534a87a30726ea6b17ede5651,6f595f7e37f15774a6a76504781cbef48b03f07346fcf8f68192770745a3537c,True,3,post_primary_temporal_sensitivity,False,0.58,0.556541019955654,0.6388,0.63177135353973,-0.0199999999999999,0.000624841558033995,0.0185,0.067912359651755,3
24,post_primary_temporal_sensitivity,cross_experiment,experiment3_to_experiment2,EEG,20,200,0.56,0.56,0.530666666666667,0.63145,0.606798712532356,0.56,0.56,0.434432234432234,0.775,0.811480158730159,0.52,0.6,0.445689350159217,0.59079283887468,0.52,0.6,0.367032967032967,0.501831501831502,0.6,c22d1d10ace029dabe48c4ae582f7ea9804570b835a54d4467d723b086426f47,c37cfa0fba6ba4866e926cdab35cc4735e0a17388ae57fba129bf9425b871e24,True,4,post_primary_temporal_sensitivity,False,0.515,0.419839110021233,0.6231,0.620541266849373,0.045,0.110827556645434,0.00834999999999997,-0.0137425543170171,4
24,post_primary_temporal_sensitivity,cross_experiment,experiment3_to_experiment2,ECG,20,200,0.55,0.55,0.547101449275362,0.4906,0.483179379596842,0.55,0.55,0.445613414363414,0.468,0.596900793650794,0.46,0.645,0.44700107500382,0.641042493490735,0.46,0.645,0.346609085359085,0.560705405705406,0.6,018c577803b35e294bf68eced3e1b3f8dc3fe34e506e1d6595a4c76a6b7d1a01,ef3706e76a71b6f70ba0f4543d27e001356ca471acc5eb62ddb43ef3c5f3f69f,True,5,post_primary_temporal_sensitivity,False,0.49,0.481232834909979,0.4935,0.520007435040726,0.0600000000000001,0.065868614365383,-0.00290000000000001,-0.036828055443884,5
24,post_primary_temporal_sensitivity,cross_experiment,experiment3_to_experiment2,ECG_Pupil,20,200,0.545,0.545,0.518403852769178,0.5546,0.550925545581523,0.545,0.545,0.422568542568543,0.67,0.748611111111111,0.5,0.6,0.430590769852899,0.587671912106266,0.5,0.6,0.358227106227106,0.498181818181818,0.7,f738574750bc527c28939b4524915723274c3ecda3aa9d2024f9a1120dabdea4,be1b81028a0703e8182c316933551aa672cd1b451906a1e87663ad4e95ec6f86,True,6,post_primary_temporal_sensitivity,False,0.575,0.552337063857801,0.6062,0.633810797338628,-0.0299999999999999,-0.033933211088623,-0.0516,-0.082885251757105,6
24,post_primary_temporal_sensitivity,cross_experiment,experiment3_to_experiment2,ECG_EEG,20,200,0.49,0.49,0.3453985367732,0.7073,0.627894729686606,0.49,0.49,0.338061938061938,0.806,0.84090873015873,0.44,0.53,0.305555555555556,0.396739828006674,0.44,0.53,0.296969696969697,0.383882783882784,0.7,f4c2a2254f3f83ba3d331081188c2196510201e340579f62ee72d8d697ed9b11,f6bb78b3a3e6801b24fd1d6bf33662b6de39fec5d332e83c65cdde177ecea784,True,7,post_primary_temporal_sensitivity,False,0.52,0.461339916956571,0.6652,0.586267087035282,-0.03,-0.115941380183371,0.0421,0.041627642651324,7
32,post_primary_temporal_sensitivity,cross_experiment,experiment3_to_experiment2,EEG_Pupil,20,200,0.635,0.635,0.634990874771869,0.6496,0.668252140516526,0.635,0.635,0.546574814074814,0.764,0.796095238095238,0.55,0.725,0.547101449275362,0.723454095123234,0.55,0.725,0.43731991966367,0.663998695748696,0.7,0e9f6410684a2aefe8f5c2b60914582c3a73cb81e74b21198df68665a61d7b01,d6a574a6bdf957b20880646ae3cf61947d29dde50aaae8cc41f854982169bffe,True,1,post_primary_temporal_sensitivity,False,0.58,0.556541019955654,0.6388,0.63177135353973,0.055,0.078449854816215,0.0107999999999999,0.036480786976796,1
32,post_primary_temporal_sensitivity,cross_experiment,experiment3_to_experiment2,EEG,20,200,0.61,0.61,0.588216661387393,0.673,0.645451150212912,0.61,0.61,0.509010572760573,0.814,0.843579365079365,0.54,0.69,0.491087596833717,0.681621177855932,0.54,0.69,0.412961760461761,0.618078303640804,0.3,ae0f913872bf26424b6ec846e967a5078d3f8c656eec6cd8b53a4b16b3678711,c252d36ea36934427c4b83162f1fb3a413cb5bd69e0082c85ecf693aeeafa381,True,2,post_primary_temporal_sensitivity,False,0.515,0.419839110021233,0.6231,0.620541266849373,0.095,0.16837755136616,0.0499000000000001,0.0249098833635389,2
32,post_primary_temporal_sensitivity,cross_experiment,experiment3_to_experiment2,Pupil,20,200,0.6,0.6,0.563271099465007,0.6731,0.666203289331008,0.6,0.6,0.503749722499723,0.778,0.823412698412698,0.545,0.66,0.475783475783476,0.641707285615647,0.545,0.66,0.422133422133422,0.592140810578311,0.6,363ac3b6571c8847d4bb76f04f6d03bc3b2f8b84193898dc440f49180fb9d1db,bcf2c843cb7a654147d7201b482e78a029b2e2a267fad9c74d9853db259e6896,True,3,post_primary_temporal_sensitivity,False,0.61,0.596940884663084,0.6749,0.664968574830022,-0.01,-0.0336697851980771,-0.00180000000000002,0.001234714500986,3
32,post_primary_temporal_sensitivity,cross_experiment,experiment3_to_experiment2,ECG_EEG,20,200,0.58,0.58,0.546974436414626,0.7216,0.630602032108249,0.58,0.58,0.467811355311355,0.822,0.859329365079365,0.535,0.63,0.463528597386865,0.611722985437848,0.535,0.63,0.395604395604396,0.543475274725275,0.6,780f36f3593e61fc1ce4305b0bec585683ce8daba8f24e5eb45575a91acfdd22,3ebc4bfdbdb4e8492efe20e959742c99da91b1a5aedef29f24cae458766cd089,True,4,post_primary_temporal_sensitivity,False,0.52,0.461339916956571,0.6652,0.586267087035282,0.0599999999999999,0.0856345194580549,0.0564,0.0443349450729671,4
32,post_primary_temporal_sensitivity,cross_experiment,experiment3_to_experiment2,ECG_EEG_Pupil,20,200,0.54,0.54,0.452380952380952,0.63875,0.599951898803145,0.54,0.54,0.39,0.788,0.827563492063492,0.5,0.605,0.333333333333333,0.555625436757511,0.5,0.605,0.333333333333333,0.48,0.6,14a763f51c9ac47b335d4687709e8ddd150240ec7c4b5c163a048c38b9746223,aac5f85cbd1f92e9c11b7d45683e744725b61736ad1f2885b356fd72c62b72e8,True,5,post_primary_temporal_sensitivity,False,0.58,0.576570218772054,0.6257,0.595846099513074,-0.0399999999999999,-0.124189266391102,0.01305,0.00410579929007104,5
32,post_primary_temporal_sensitivity,cross_experiment,experiment3_to_experiment2,ECG,20,200,0.535,0.535,0.533589107048823,0.4961,0.49413320368523,0.535,0.535,0.419642857142857,0.46,0.595761904761905,0.455,0.62,0.4438524909691,0.614759224515322,0.455,0.62,0.330059523809524,0.521130952380952,0.7,ef8a2742ec26d8599910b4b43daae0a1369be4d81e2ed429b34001a0d1c6222e,6ebd93b609fc32b60ee37dd27292f7a61490997740e3b73a938a608a4d8bd0de,True,6,post_primary_temporal_sensitivity,False,0.49,0.481232834909979,0.4935,0.520007435040726,0.045,0.052356272138844,0.00259999999999999,-0.025874231355496,6
32,post_primary_temporal_sensitivity,cross_experiment,experiment3_to_experiment2,ECG_Pupil,20,200,0.515,0.515,0.514405146304223,0.5535,0.547690206525661,0.515,0.515,0.399431818181818,0.698,0.774349206349206,0.445,0.575,0.439740825981131,0.570006553502363,0.445,0.575,0.329166666666667,0.475352408008658,0.5,352340ef70a276c64b047d9d775c4c0bc74ccab869f0b2820c73fa90a4be2495,336d9e84c14001ccd25977968a1b44f392e29fdd0cff552bbad96e1f2bfc89a1,True,7,post_primary_temporal_sensitivity,False,0.575,0.552337063857801,0.6062,0.633810797338628,-0.0599999999999999,-0.0379319175535781,-0.0527,-0.086120590812967,7
4,matched_sensitivity_reference,within_experiment,experiment2,ECG_EEG_Pupil,20,200,0.6,0.6,0.595959595959596,0.6798,0.65932141356898,0.6,0.6,0.481030081030081,0.794,0.836047619047619,0.535,0.68,0.519802680325324,0.67316153362665,0.535,0.68,0.386080586080586,0.587989787989788,"0.3,0.4,0.5,0.6,0.7",9e6c43ce1adea3bc9ec6cf936f499e6e3471be5b5ce031d4b45d54d087c4f0ca,c9eb01b20960eef3b77d0d0ac1e81efdd6965c1739b28aa42519f206621bc777,True,1,matched_four_second_reference,,0.6,0.595959595959596,0.6798,0.65932141356898,0,0,0,0,1
4,matched_sensitivity_reference,within_experiment,experiment2,Pupil,20,200,0.595,0.595,0.5937711577522,0.65555,0.620873530742827,0.595,0.595,0.502778332778333,0.772,0.813607142857143,0.53,0.67,0.524892407887118,0.664926283455654,0.53,0.67,0.416977078477078,0.600059579309579,"0.3,0.4,0.5,0.6,0.7",28a01094a1f6b31755909c61c5bab55b24a647c0701ea607c97dc349cc978784,515f66ca83a9a230e084b6c0284e681244f8332c6b3b42152c0d37c01f03e04d,True,2,matched_four_second_reference,,0.595,0.5937711577522,0.65555,0.620873530742827,0,0,0,0,2
4,matched_sensitivity_reference,within_experiment,experiment2,EEG_Pupil,20,200,0.59,0.59,0.589630667600841,0.6524,0.642454289855457,0.59,0.59,0.475292762792763,0.818,0.84115873015873,0.53,0.665,0.51955918980929,0.662575584398663,0.53,0.665,0.385393772893773,0.576991064491065,"0.3,0.4,0.5,0.6,0.7",e6807b80aae04b990ad1c0da6b613e80095b66d839d9b238937edbad8adbb416,c1d1cc0b37fc60faaae3b04ce1806b5cce5409f6199d5aaa64fd954000f9daab,True,3,matched_four_second_reference,,0.59,0.589630667600841,0.6524,0.642454289855457,0,0,0,0,3
4,matched_sensitivity_reference,within_experiment,experiment2,EEG,20,200,0.575,0.575,0.574904353479533,0.6496,0.648694653695316,0.575,0.575,0.465630896880897,0.738,0.784230158730159,0.53,0.63,0.521920455701353,0.626262626262626,0.53,0.63,0.39166298978799,0.547136717449217,"0.3,0.4,0.5,0.6,0.7",346c0052c63e86600d8f5bb2ebf5a12851b74889a84b6c4cf30a8117f8fedda0,9cf498c20debda27be44eb76c4451bcc21436cedccd693c26e52529b4c36001c,True,4,matched_four_second_reference,,0.575,0.574904353479533,0.6496,0.648694653695316,0,0,0,0,4
4,matched_sensitivity_reference,within_experiment,experiment2,ECG_EEG,20,200,0.55,0.55,0.53660797034291,0.5527,0.563260324509854,0.55,0.55,0.423932317682318,0.674,0.749718253968254,0.51,0.595,0.464500153141127,0.590416400175213,0.51,0.595,0.35989010989011,0.498755775474525,"0.3,0.4,0.5,0.6",7ebc693a73cd4853bf2b4cb06b9d70e3e0ee9d89b1aee439275c401abb458384,aaf1cbe9bcfbd25c673899491ed0b46308d6cbd8fc90d36253c8735b9e4b899b,True,5,matched_four_second_reference,,0.55,0.53660797034291,0.5527,0.563260324509854,0,0,0,0,5
4,matched_sensitivity_reference,within_experiment,experiment2,ECG,20,200,0.525,0.525,0.489123712726197,0.52145,0.552444991570423,0.525,0.525,0.389194139194139,0.567,0.682773809523809,0.45,0.6,0.373219373219373,0.59079283887468,0.45,0.6,0.300915750915751,0.495054945054945,"0.3,0.4,0.5,0.6,0.7",ce84539d1557518a111493060f15ba54b2974f1b0918376882dbd164a9c848fa,b3f9822b61750900f4f6cf97904a4291cd3ba7dfcab77d33814367d7aa0b52f7,True,6,matched_four_second_reference,,0.525,0.489123712726197,0.52145,0.552444991570423,0,0,0,0,6
4,matched_sensitivity_reference,within_experiment,experiment2,ECG_Pupil,20,200,0.515,0.515,0.501426331885585,0.6119,0.596470366419152,0.515,0.515,0.383516483516483,0.754,0.812130952380952,0.44,0.59,0.408630057681025,0.578999532649677,0.44,0.59,0.309523809523809,0.472380952380952,"0.3,0.4,0.5,0.6,0.7",df029be981c75ed0e1c55313e1324195437d41ef0ca5147fef13f357d72fcffe,095322995230371e13668bea36b450bd2cf8d38662645245a9be691b570bf442,True,7,matched_four_second_reference,,0.515,0.501426331885585,0.6119,0.596470366419152,0,0,0,0,7
8,post_primary_temporal_sensitivity,within_experiment,experiment2,ECG_EEG_Pupil,20,200,0.64,0.64,0.639423076923077,0.6818,0.668502157421203,0.64,0.64,0.563803557553558,0.772,0.834992063492063,0.56,0.725,0.554097046519201,0.724662711821982,0.56,0.725,0.462828699078699,0.674051625457875,"0.3,0.4,0.5,0.6,0.7",2e9be416fcdabd849a86fea63495aba71569e048a733f7c0b859db0fdbf82c70,7d995a406c0110276f33cf0eb509bf35f000339bb754a372a19168d2ea35f5e7,True,1,post_primary_temporal_sensitivity,False,0.6,0.595959595959596,0.6798,0.65932141356898,0.04,0.043463480963481,0.002,0.00918074385222301,1
8,post_primary_temporal_sensitivity,within_experiment,experiment2,EEG,20,200,0.6,0.6,0.594155844155844,0.6815,0.646160336988792,0.6,0.6,0.497191697191697,0.738,0.795769841269841,0.535,0.675,0.512582491305896,0.672634786331243,0.535,0.675,0.40302947052947,0.600734265734266,"0.3,0.4,0.5,0.6,0.7",c4f8d6e1d636d387946706a38e38d42bfc779ce36b6bd26692646a118cb4e309,89d8db122b08e07edde092269409a5f4436ca6ce554b690fb4df341515864990,True,2,post_primary_temporal_sensitivity,False,0.575,0.574904353479533,0.6496,0.648694653695316,0.025,0.019251490676311,0.0319,-0.00253431670652393,2
8,post_primary_temporal_sensitivity,within_experiment,experiment2,EEG_Pupil,20,200,0.59,0.59,0.589630667600841,0.6455,0.625741991245622,0.59,0.59,0.486609917859918,0.836,0.866123015873016,0.505,0.675,0.497756168672285,0.669967821782178,0.505,0.675,0.382506382506382,0.595763958263958,"0.3,0.4,0.5,0.6,0.7",deed88e0b3b595879a4e012c3da867b929715ecf4a07ec8bf3aa730dd77b9546,a515183c9b82d83aa12a146ec649ff0444ad26a393b4a4d6b6f244210e9951c9,True,3,post_primary_temporal_sensitivity,False,0.59,0.589630667600841,0.6524,0.642454289855457,0,0,-0.00690000000000002,-0.016712298609835,3
8,post_primary_temporal_sensitivity,within_experiment,experiment2,Pupil,20,200,0.585,0.585,0.584740462789243,0.6283,0.590477030208213,0.585,0.585,0.495104617604618,0.746,0.782698412698413,0.51,0.66,0.504579101124918,0.65968253968254,0.51,0.66,0.401719426406926,0.594647817460318,"0.4,0.5,0.6",2e6f51e9af19cc54b1aa8a8ba07fe85ccc93f4d7e86dc8ef7fa39d4d3b84f129,3960c21700b4f59e70f53aff69860fbaa380074335d4e616b01de5a02f1097ae,True,4,post_primary_temporal_sensitivity,False,0.595,0.5937711577522,0.65555,0.620873530742827,-0.01,-0.00903069496295705,-0.02725,-0.0303965005346141,4
8,post_primary_temporal_sensitivity,within_experiment,experiment2,ECG_EEG,20,200,0.575,0.575,0.563105548559533,0.6145,0.598654591257616,0.575,0.575,0.465195915195915,0.686,0.768472222222222,0.505,0.655,0.476065729935699,0.648284532637773,0.505,0.655,0.376907536907537,0.565384615384615,"0.4,0.5,0.6,0.7",4f0ee08a118c4f3d7fd6369632dfa8642b6ff5ea8a523c1463720f8ba3f5533f,e13f1bcd92cf7f6fa9fae956d9a5bc80a9ba3cd57d670853dfbb36c687f039c1,True,5,post_primary_temporal_sensitivity,False,0.55,0.53660797034291,0.5527,0.563260324509854,0.0249999999999999,0.026497578216623,0.0618000000000001,0.035394266747762,5
8,post_primary_temporal_sensitivity,within_experiment,experiment2,ECG,20,200,0.54,0.54,0.51188455008489,0.5099,0.518929870456908,0.54,0.54,0.405744949494949,0.516,0.660222222222222,0.46,0.62,0.402588781944905,0.609333755675219,0.46,0.62,0.321212121212121,0.507836174242424,"0.3,0.4,0.5,0.6,0.7",17d228995d0a3f3d36c8f3c38d8d65821df27023bf24e2cfbfab0072121d1bae,aeefe8549d1d837d0431f30e67cb2314ce921604456b217956893ba475e92a67,True,6,post_primary_temporal_sensitivity,False,0.525,0.489123712726197,0.52145,0.552444991570423,0.015,0.022760837358693,-0.0115499999999999,-0.0335151211135151,6
8,post_primary_temporal_sensitivity,within_experiment,experiment2,ECG_Pupil,20,200,0.525,0.525,0.509993552546744,0.60995,0.58094033754851,0.525,0.525,0.389261433011433,0.756,0.815257936507937,0.46,0.59,0.414091993597294,0.586301999540336,0.46,0.59,0.319886363636364,0.475498806748807,"0.3,0.4,0.5,0.6,0.7",6ef4fbad57b7f0903e3aedae18563050efb9d8280db67d6cfe29b99f887f8b94,a2f3a220d329911c742b5a0e085c49331e62aa5402973726e856bcae26fd29cd,True,7,post_primary_temporal_sensitivity,False,0.515,0.501426331885585,0.6119,0.596470366419152,0.01,0.00856722066115889,-0.00195000000000001,-0.0155300288706419,7
16,post_primary_temporal_sensitivity,within_experiment,experiment2,ECG_EEG,20,200,0.685,0.685,0.684803001876173,0.66515,0.678521578574637,0.685,0.685,0.620676684426684,0.663,0.747662698412698,0.61,0.76,0.608589886246088,0.759976597659766,0.61,0.76,0.520724098817849,0.721107104700855,"0.3,0.4,0.5,0.6,0.7",c19536c10c99bb370f7c17246716f0067d61b5c9ab90a7ece834e0b12a712e17,c118890c39e6e6d6a3e37ef65b68267d6faf7c82990f30f9b9de1f02352b4ee0,True,1,post_primary_temporal_sensitivity,False,0.55,0.53660797034291,0.5527,0.563260324509854,0.135,0.148195031533263,0.11245,0.115261254064783,1
16,post_primary_temporal_sensitivity,within_experiment,experiment2,EEG,20,200,0.62,0.62,0.616896864603287,0.6662,0.646421563141717,0.62,0.62,0.524619824619825,0.728,0.767928571428571,0.565,0.685,0.549594635171655,0.680796045843749,0.565,0.685,0.436630036630037,0.613571428571428,"0.3,0.4,0.5,0.6,0.7",08b257f7660672c980c963dbf0689271cbbecd8b8725c15d72355efb0f22dc88,a9ab8d7d12e66adace31f5f870a57bd3f16a4edd2608cc9ff4031035d79fc1c3,True,2,post_primary_temporal_sensitivity,False,0.575,0.574904353479533,0.6496,0.648694653695316,0.045,0.041992511123754,0.0166000000000001,-0.00227309055359903,2
16,post_primary_temporal_sensitivity,within_experiment,experiment2,ECG_EEG_Pupil,20,200,0.6,0.6,0.6,0.6598,0.678517378047906,0.6,0.6,0.500086718836719,0.758,0.819746031746032,0.525,0.685,0.518403852769178,0.682131234390373,0.525,0.685,0.401540404040404,0.608863324175824,"0.3,0.4,0.5,0.6,0.7",266f98a119f423322832f2410e7e5f458a124588ad5de751f2e32a84ffb9a965,bc3300105c43366f6c071aa23e4cd45ad6e49df4a38e50f77dba7fa112347dc6,True,3,post_primary_temporal_sensitivity,False,0.6,0.595959595959596,0.6798,0.65932141356898,0,0.00404040404040396,-0.0199999999999999,0.019195964478926,3
16,post_primary_temporal_sensitivity,within_experiment,experiment2,EEG_Pupil,20,200,0.58,0.58,0.579621659493544,0.6445,0.628396461517382,0.58,0.58,0.475961538461538,0.788,0.824365079365079,0.515,0.655,0.507301587301587,0.64968471624462,0.515,0.655,0.390952380952381,0.571274610805861,"0.3,0.4,0.5,0.6,0.7",ba4078a466b79bfadb0719b2bf0ded6b759352a455a0796072b401544ed83ac9,d29e6fcf69bc9c822c30020298cd3194753ef590d6784c84e877d5569a315975,True,4,post_primary_temporal_sensitivity,False,0.59,0.589630667600841,0.6524,0.642454289855457,-0.01,-0.010009008107297,-0.00790000000000002,-0.014057828338075,4
16,post_primary_temporal_sensitivity,within_experiment,experiment2,Pupil,20,200,0.58,0.58,0.577294685990338,0.644,0.601642195322384,0.58,0.58,0.487978965478966,0.752,0.794730158730159,0.52,0.645,0.510197754469324,0.64456459162474,0.52,0.645,0.403229777167277,0.580251782939283,"0.4,0.5,0.6,0.7",16b51fd006a471dcb1909963bcced45964f76123f4082e84519656b0b76a602a,44aba7e6e2058271246db4d508b38d67b48c98944f4e7503f462ec53daef78d7,True,5,post_primary_temporal_sensitivity,False,0.595,0.5937711577522,0.65555,0.620873530742827,-0.015,-0.0164764717618621,-0.0115499999999999,-0.019231335420443,5
16,post_primary_temporal_sensitivity,within_experiment,experiment2,ECG_Pupil,20,200,0.535,0.535,0.529816223868146,0.6114,0.649095894076316,0.535,0.535,0.418043068043068,0.74,0.79831746031746,0.47,0.6,0.449897529932046,0.594908854492261,0.47,0.6,0.34285631035631,0.502618353868354,"0.3,0.4,0.5,0.6,0.7",d61ec59fba7f25e009d0662570692d37f01a1d35ab64d33fbfd514a5f158eb8c,28a7352952cd9363f08b10f0859019ff3a75cef4c4d91b0d3cf4da487e438be6,True,6,post_primary_temporal_sensitivity,False,0.515,0.501426331885585,0.6119,0.596470366419152,0.02,0.0283898919825609,-0.000499999999999945,0.052625527657164,6
16,post_primary_temporal_sensitivity,within_experiment,experiment2,ECG,20,200,0.505,0.505,0.461239149955103,0.5167,0.571834500818815,0.505,0.505,0.365485209235209,0.648,0.746884920634921,0.435,0.57,0.359267734553776,0.543427719362156,0.435,0.57,0.295238095238095,0.446148088023088,"0.3,0.4,0.5,0.6,0.7",349fa16c48e1d87542cffdf7ae464c69f1c0266c6cee43636f2f5b9303a1c8d2,a1849d2851a7e15d1af9582abb5429b7c97a6e311a2848b3dd2e0b23071604e4,True,7,post_primary_temporal_sensitivity,False,0.525,0.489123712726197,0.52145,0.552444991570423,-0.02,-0.027884562771094,-0.00474999999999992,0.019389509248392,7
24,post_primary_temporal_sensitivity,within_experiment,experiment2,EEG,20,200,0.63,0.63,0.629072681704261,0.69895,0.694715625962238,0.63,0.63,0.537659701409701,0.764,0.826972222222222,0.565,0.705,0.554328434070827,0.704933610062264,0.565,0.705,0.441313176406926,0.639480835137085,"0.3,0.4,0.5,0.6",f5319e7ce794f49f64d229755c8ac81ef568fea37251763d05dfab0a2c6b1299,ec75673fe84aea0b2e6434100cf27ced43be396f8a7a1bef527bdf4714e6cfdc,True,1,post_primary_temporal_sensitivity,False,0.575,0.574904353479533,0.6496,0.648694653695316,0.055,0.0541683282247281,0.04935,0.046020972266922,1
24,post_primary_temporal_sensitivity,within_experiment,experiment2,ECG_EEG,20,200,0.615,0.615,0.614913355504989,0.6739,0.662129935812109,0.615,0.615,0.527566877566878,0.678,0.748392857142857,0.52,0.715,0.514596212584639,0.713387806411062,0.52,0.715,0.414166805416805,0.647228743478743,"0.4,0.5,0.6,0.7",3f0f4294a9568123de6680da0fabfbfa5daf38dd7a264e9b10ad8004298d3f6c,1172b970229240ee121e4670c281dd8b7f6ce9267635e5714b06e71a10963eb1,True,2,post_primary_temporal_sensitivity,False,0.55,0.53660797034291,0.5527,0.563260324509854,0.0649999999999999,0.0783053851620791,0.1212,0.098869611302255,2
24,post_primary_temporal_sensitivity,within_experiment,experiment2,ECG_EEG_Pupil,20,200,0.58,0.58,0.578947368421053,0.6818,0.701584497825597,0.58,0.58,0.487934981684982,0.768,0.81084126984127,0.54,0.625,0.531270058426596,0.618988775615282,0.54,0.625,0.42464010989011,0.553292124542125,"0.3,0.4,0.5,0.6,0.7",1daac35fac9386429c4a703cc07038df5cd72271bedc05557037dc2722b04af8,bcf8d70df6a1054ea71001e38e8c419187dfbb3789af68ce023731c2203ecf32,True,3,post_primary_temporal_sensitivity,False,0.6,0.595959595959596,0.6798,0.65932141356898,-0.02,-0.017012227538543,0.002,0.042263084256617,3
24,post_primary_temporal_sensitivity,within_experiment,experiment2,Pupil,20,200,0.57,0.57,0.563717532467533,0.6476,0.618565740068749,0.57,0.57,0.476569402819403,0.738,0.77815873015873,0.525,0.62,0.507290142627099,0.612822124450031,0.525,0.62,0.404468704906205,0.551548305860806,"0.4,0.5,0.6,0.7",86f42b9e867c047afb98fd9ef8dbdb4214d0306c73da6b778e98a51952355d14,27dcd4fcc5df7bcdc122b61d9139166924e62b6cea1bdaf9b90991b217376194,True,4,post_primary_temporal_sensitivity,False,0.595,0.5937711577522,0.65555,0.620873530742827,-0.025,-0.030053625284667,-0.00795000000000001,-0.00230779067407805,4
24,post_primary_temporal_sensitivity,within_experiment,experiment2,EEG_Pupil,20,200,0.56,0.56,0.559823929571829,0.69055,0.654457580366812,0.56,0.56,0.427994227994228,0.86,0.885630952380952,0.515,0.62,0.505996791525553,0.614527796550775,0.515,0.62,0.361904761904762,0.512842712842713,"0.3,0.4,0.5,0.6,0.7",a9c47dbd20b52da2867a8cc64956d8bdceaf479d9bfa1e4150de8075df54c35f,6208be549abd91f4bdf9519ada0d03e1ff28382fa565ab5cafbcd9ee00493ae6,True,5,post_primary_temporal_sensitivity,False,0.59,0.589630667600841,0.6524,0.642454289855457,-0.0299999999999999,-0.029806738029012,0.03815,0.012003290511355,5
24,post_primary_temporal_sensitivity,within_experiment,experiment2,ECG_Pupil,20,200,0.535,0.535,0.527619047619048,0.60575,0.615818485408324,0.535,0.535,0.424559884559885,0.73,0.78709126984127,0.455,0.61,0.433724973004644,0.606060606060606,0.455,0.61,0.334192335442335,0.519978882228882,"0.3,0.4,0.5,0.6,0.7",f6b6d903f59f0744811ee7915d4e5007d321af853e127d82c6bfe15b0f9229f8,99c0d7413f00d338f679a6ab6efe5880dcf5732092ea6409896ec459725345c2,True,6,post_primary_temporal_sensitivity,False,0.515,0.501426331885585,0.6119,0.596470366419152,0.02,0.0261927157334629,-0.00614999999999999,0.019348118989172,6
24,post_primary_temporal_sensitivity,within_experiment,experiment2,ECG,20,200,0.49,0.49,0.418803418803419,0.5135,0.521184129767304,0.49,0.49,0.345444139194139,0.61,0.706952380952381,0.425,0.545,0.330909090909091,0.493042821702082,0.425,0.545,0.289583333333333,0.402999084249084,"0.3,0.4,0.5,0.6,0.7",40a419d09a8075eaee69ab79d198dd2c7074fc64c9b48759d8bae95403e44db7,4c11d750312c285a36b338db10b6b20c4649fdc3c602297bcee4e54f057cf454,True,7,post_primary_temporal_sensitivity,False,0.525,0.489123712726197,0.52145,0.552444991570423,-0.035,-0.070320293922778,-0.00795000000000001,-0.031260861803119,7
32,post_primary_temporal_sensitivity,within_experiment,experiment2,ECG_EEG,20,200,0.68,0.68,0.679871948779512,0.669,0.629288185968104,0.68,0.68,0.612726856476857,0.722,0.79259126984127,0.575,0.785,0.571907028279318,0.783444031778246,0.575,0.785,0.484559052059052,0.741907693001443,"0.3,0.4,0.5,0.6",ea678ec802aedce2e3b977dc43fb821ad431ce8e67b88d74b064d3544044e3a7,c8b958f2b7fa629b73f0c733c35dc33cbe41b8904d3905a8b0e7bd59fcc67b07,True,1,post_primary_temporal_sensitivity,False,0.55,0.53660797034291,0.5527,0.563260324509854,0.13,0.143263978436602,0.1163,0.06602786145825,1
32,post_primary_temporal_sensitivity,within_experiment,experiment2,EEG,20,200,0.635,0.635,0.632343683110473,0.7144,0.699260572693895,0.635,0.635,0.546821928071928,0.796,0.839484126984127,0.565,0.71,0.550933296057618,0.709883953581433,0.565,0.71,0.449729437229437,0.650587693556444,"0.3,0.4,0.5,0.6,0.7",f56b2e00588c1f6f013e65cadc9fbf149bafbc400c28efb6b38496fdfe274eb5,27d771c727ac403a8921b983e72fa07372183080f66ca73317208bf63665e75b,True,2,post_primary_temporal_sensitivity,False,0.575,0.574904353479533,0.6496,0.648694653695316,0.0600000000000001,0.05743932963094,0.0648000000000001,0.050565918998579,2
32,post_primary_temporal_sensitivity,within_experiment,experiment2,ECG_EEG_Pupil,20,200,0.63,0.63,0.629407051282051,0.72345,0.7058807355422,0.63,0.63,0.545205488955489,0.808,0.839416666666667,0.57,0.7,0.564883056199643,0.69499237480937,0.57,0.7,0.458341658341658,0.639680302336552,"0.3,0.4,0.5,0.6,0.7",34e11df004167cdec1bbb69b349ff721f3f4dd2c52be3fef3798e803850a9f89,a40e38c9d74785d260f6062cb2f91406388fda6ad4bd3afec0ac8037e8017c8a,True,3,post_primary_temporal_sensitivity,False,0.6,0.595959595959596,0.6798,0.65932141356898,0.03,0.033447455322455,0.0436500000000001,0.04655932197322,3
32,post_primary_temporal_sensitivity,within_experiment,experiment2,EEG_Pupil,20,200,0.61,0.61,0.60984393757503,0.7035,0.703919333392772,0.61,0.61,0.501400682650683,0.83,0.863376984126984,0.54,0.685,0.533143603151888,0.684613651723361,0.54,0.685,0.401986901986902,0.609232729076479,"0.3,0.4,0.5,0.6,0.7",cfb18ef7598671721efddd6d552bd3543d68577356a043eef37523f7750097c4,c991a122740b624725ae7ff0725bc1ce31a0cbba8aab6df7c6b9bb7a04ce2e38,True,4,post_primary_temporal_sensitivity,False,0.59,0.589630667600841,0.6524,0.642454289855457,0.02,0.0202132699741889,0.0511,0.061465043537315,4
32,post_primary_temporal_sensitivity,within_experiment,experiment2,Pupil,20,200,0.565,0.565,0.563680132400512,0.6453,0.609992549976773,0.565,0.565,0.46907856032856,0.718,0.757361111111111,0.515,0.615,0.509993552546744,0.60996099609961,0.515,0.615,0.400351620601621,0.542874039155289,"0.3,0.4,0.5,0.6,0.7",be533bb6b918ab6a200fe0fe160f72681e475af08a828fe117416475c5167221,8c7e23ef1cb8582fe0283bfe25caad9223db8539438e3ea3ac96342b15ba749f,True,5,post_primary_temporal_sensitivity,False,0.595,0.5937711577522,0.65555,0.620873530742827,-0.03,-0.0300910253516881,-0.01025,-0.010880980766054,5
32,post_primary_temporal_sensitivity,within_experiment,experiment2,ECG,20,200,0.525,0.525,0.499670836076366,0.5216,0.532359526497345,0.525,0.525,0.383333333333333,0.574,0.680662698412698,0.45,0.6,0.389090909090909,0.595959595959596,0.45,0.6,0.3,0.483333333333333,"0.3,0.4,0.5,0.6,0.7",2e92226acb86d60aebe48728e04a3c06a2fb5fa618715a44354b38938aae06e0,87d563f3578088156369fda4d0d8c62f04796edab19771c9b9a0b450505b6766,True,6,post_primary_temporal_sensitivity,False,0.525,0.489123712726197,0.52145,0.552444991570423,0,0.010547123350169,0.000149999999999983,-0.0200854650730781,6
32,post_primary_temporal_sensitivity,within_experiment,experiment2,ECG_Pupil,20,200,0.515,0.515,0.501426331885585,0.5991,0.590676788084816,0.515,0.515,0.39581043956044,0.758,0.800924603174603,0.445,0.575,0.406401240674884,0.570262140094542,0.445,0.575,0.322916094322344,0.471864125457875,"0.3,0.4,0.5,0.6,0.7",64ea4bc0dce2656365961127e0d679dbbbf2534ba05f4e78523185117ed59876,95eb654d95d3eaee319d4b8326ad9ae31287e6f2101a116c95e144b542140c2f,True,7,post_primary_temporal_sensitivity,False,0.515,0.501426331885585,0.6119,0.596470366419152,0,0,-0.0128,-0.00579357833433591,7
4,matched_sensitivity_reference,within_experiment,experiment3,EEG_Pupil,16,187,0.631016042780749,0.631693363844394,0.630635788509432,0.698970251716247,0.698986389195481,0.625236742424242,0.630208333333333,0.540551574650839,0.858680555555556,0.886388437950938,0.567592995211518,0.702139051773455,0.560479471660209,0.699927059377684,0.567708333333333,0.697916666666667,0.446511217030518,0.642263137444663,"0.4,0.5,0.6,0.7",90c062104082624aa616d03b214d7c3518f1a8796f1caac7884f9701f0a0f475,9bd612835f719e068b4856e37ddc2e3a24df26b74f3f2b4267e5075042007577,True,1,matched_four_second_reference,,0.631693363844394,0.630635788509432,0.698970251716247,0.698986389195481,0,0,0,0,1
4,matched_sensitivity_reference,within_experiment,experiment3,ECG_EEG_Pupil,16,187,0.609625668449198,0.611155606407323,0.606746751937315,0.670823798627002,0.675446881190118,0.604876893939394,0.6125,0.509794739574151,0.845138888888889,0.878137776575276,0.534671665576986,0.695374960839599,0.515855201368154,0.69197469855904,0.5375,0.695833333333333,0.402585371123974,0.62705402746763,"0.4,0.5,0.6,0.7",5954d5eb2e7cb64e6c0930c3d0e200c3ee1820e41539b18599be4ea53e61af0f,210feaf1625cae9446e2e9dc22f2fbc4f34b3efd1534b8e656fbf6e02c60c1b9,True,2,matched_four_second_reference,,0.611155606407323,0.606746751937315,0.670823798627002,0.675446881190118,0,0,0,0,2
4,matched_sensitivity_reference,within_experiment,experiment3,Pupil,16,187,0.598930481283422,0.600286041189931,0.596669830040549,0.740503432494279,0.777168043506045,0.594460227272727,0.604166666666667,0.521310072688749,0.896527777777778,0.907323232323232,0.546087470449173,0.659920504385965,0.536254955208041,0.655527696034021,0.552083333333333,0.661458333333333,0.440207050149605,0.60545124682303,"0.3,0.4,0.5,0.6",f6f28155a05231ff8b8e92fa86508200ed8cf533b3c94291e3c329a6a9ce0855,38d4cf7b4026eab75b4e0cad9a4581b074e09663ca2ff97a699c099da6995466,True,3,matched_four_second_reference,,0.600286041189931,0.596669830040549,0.740503432494279,0.777168043506045,0,0,0,0,3
4,matched_sensitivity_reference,within_experiment,experiment3,ECG_Pupil,16,187,0.588235294117647,0.588729977116705,0.588046805710525,0.631235697940503,0.606217258020725,0.587831439393939,0.582291666666667,0.472515658361247,0.803472222222222,0.845690912097162,0.522556390977444,0.665370684776457,0.511236802835619,0.662949788784691,0.51875,0.65625,0.380439248251748,0.575805279279544,"0.3,0.4,0.5,0.6",cd86353ec9a44e0344d08b03cacc73b525fe4d70d43b4086547b05be500bc96e,46afa09cda7302dd563c6ae622348ec7807ab00a13cb0d9d54bd4a94ac6f64dd,True,4,matched_four_second_reference,,0.588729977116705,0.588046805710525,0.631235697940503,0.606217258020725,0,0,0,0,4
4,matched_sensitivity_reference,within_experiment,experiment3,EEG,16,187,0.566844919786096,0.565617848970252,0.563650505574281,0.604919908466819,0.600294684787601,0.562736742424242,0.567708333333333,0.44963036350904,0.699652777777778,0.769996467652718,0.512054231797514,0.625574402660792,0.495380372504713,0.623979980415624,0.520833333333333,0.625,0.371437722816399,0.539281506636746,"0.3,0.4,0.5,0.6,0.7",036778dc55063ddc3c340564224f8063a400e2452972cd7cbf042874ea75518e,c787613cfb59b406b01fae88a3344ddb682fd3a4e269a6aecc21cc6cf6585ef6,True,5,matched_four_second_reference,,0.565617848970252,0.563650505574281,0.604919908466819,0.600294684787601,0,0,0,0,5
4,matched_sensitivity_reference,within_experiment,experiment3,ECG_EEG,16,187,0.556149732620321,0.555606407322654,0.555335911760493,0.629061784897025,0.635681881060028,0.551846590909091,0.5625,0.434271870898709,0.794444444444445,0.841226250601251,0.501375343835959,0.618096217105263,0.489234530462042,0.615456262206262,0.515625,0.619791666666667,0.354104125041625,0.526567349240833,"0.4,0.5,0.6,0.7",8c584f158d1e2d9a20c2acb1ff4512ecffc1467ee64e5c36cbdd1fd51e888d81,4521d5a3f32262802d0cd9eebf56f1d5e56a04e2231cdd37137cc3d13ba2cf30,True,6,matched_four_second_reference,,0.555606407322654,0.555335911760493,0.629061784897025,0.635681881060028,0,0,0,0,6
4,matched_sensitivity_reference,within_experiment,experiment3,ECG,16,187,0.508021390374332,0.504118993135011,0.474847374847375,0.481807780320366,0.509989946189971,0.510653409090909,0.5,0.359374158317173,0.428819444444444,0.587716074434824,0.474616228070175,0.52950429863589,0.38239721776513,0.521674616004947,0.473958333333333,0.520833333333333,0.330548352153361,0.392254497953027,"0.3,0.4,0.5,0.6",a67f850e3d5f9732b0653693ab22dc6fc2ac9749764fcd5e74448dea0cccd6b0,05c6f9b2ae762de18d435488bb69ea2d4758ab23ab349ad6f46778b35be8e9d9,True,7,matched_four_second_reference,,0.504118993135011,0.474847374847375,0.481807780320366,0.509989946189971,0,0,0,0,7
8,post_primary_temporal_sensitivity,within_experiment,experiment3,EEG_Pupil,16,187,0.647058823529412,0.647139588100687,0.647048730267673,0.713615560640732,0.720034941235608,0.640861742424242,0.645833333333333,0.565928128244305,0.859375,0.889399576118326,0.581455830809929,0.716613212719298,0.57525409865443,0.714488261321183,0.583333333333333,0.713541666666667,0.465542044505739,0.668411790415467,"0.3,0.4,0.5,0.6,0.7",3d1d43fa928b3d9aa354594246acd109ef8f8dfba0369f2d5dd29afad191c682,b7d7affb13ee6feea22186357a1418cf40d853f7c9de8dd97ae32511756385b8,True,1,post_primary_temporal_sensitivity,False,0.631693363844394,0.630635788509432,0.698970251716247,0.698986389195481,0.0154462242562929,0.0164129417582409,0.0146453089244849,0.021048552040127,1
8,post_primary_temporal_sensitivity,within_experiment,experiment3,Pupil,16,187,0.631016042780749,0.633409610983982,0.62374245472837,0.744622425629291,0.784153085232335,0.625710227272727,0.635416666666667,0.564053266994443,0.893402777777778,0.896408279220779,0.578125,0.692365591397849,0.553655525278671,0.688241737294349,0.583333333333333,0.692708333333333,0.480279734052712,0.649375815667176,"0.3,0.4,0.5,0.6,0.7",e53a9dd351cd4aaccd73a0eece5cf7030504453caaedc946de41ae40fd726c50,2b832ab9dfebb668d072477da007e3490cac58617ca16b983d3686ff6a755550,True,2,post_primary_temporal_sensitivity,False,0.600286041189931,0.596669830040549,0.740503432494279,0.777168043506045,0.033123569794051,0.027072624687821,0.00411899313501207,0.00698504172629,2
8,post_primary_temporal_sensitivity,within_experiment,experiment3,ECG_EEG_Pupil,16,187,0.609625668449198,0.609439359267735,0.609446971647641,0.677345537757437,0.680057438673121,0.604876893939394,0.613541666666667,0.509451792080468,0.819444444444444,0.860674152236652,0.54152744439891,0.6875,0.533270436137542,0.685948073275008,0.546875,0.688541666666667,0.41171656162465,0.62100862219888,"0.4,0.5,0.6,0.7",67147cd8eb67cf15981071b1c9770315a615d1c8fbde51b4e574878c16d77bf6,589edfc69dad47ac4232c4bd1899fda29581712b29afdf641387869aa014c577,True,3,post_primary_temporal_sensitivity,False,0.611155606407323,0.606746751937315,0.670823798627002,0.675446881190118,-0.00171624713958807,0.00270021971032597,0.00652173913043497,0.00461055748300299,3
8,post_primary_temporal_sensitivity,within_experiment,experiment3,ECG_Pupil,16,187,0.588235294117647,0.589931350114416,0.584384471063646,0.641990846681922,0.618012802715455,0.588778409090909,0.583333333333333,0.463691822882999,0.838541666666667,0.866187545093795,0.526039224649913,0.671054002192982,0.507730967486122,0.666859859720677,0.520833333333333,0.661458333333333,0.374736553275156,0.57421393557423,"0.3,0.4,0.5,0.6,0.7",64ce1294cc9da9b5717964f4e48467bd90344fce58d1ecd9a23eebb27df4cefe,623bf16e01cfce5b7fc31a108c53f1cb2e70ad1d9e37f3b9fe42e6ddea103410,True,4,post_primary_temporal_sensitivity,False,0.588729977116705,0.588046805710525,0.631235697940503,0.606217258020725,0.00120137299771095,-0.00366233464687904,0.0107551487414189,0.01179554469473,4
8,post_primary_temporal_sensitivity,within_experiment,experiment3,ECG_EEG,16,187,0.550802139037433,0.54862700228833,0.541238317757009,0.620480549199085,0.637430367455437,0.547111742424242,0.552083333333333,0.41804788348906,0.775347222222222,0.829344787157287,0.500062515628907,0.606145302773062,0.46944120247164,0.599884533227463,0.510416666666667,0.604296874999998,0.345937022536287,0.506592567971244,"0.4,0.5,0.6,0.7",aed881f913f3787f8f30080c2fe9cd10e5381e8e2e313da6f715881b877ed8dc,b4f5aba5b47a37b369fa5b0f07926ed041c81a626222bdc656411e76c80de083,True,5,post_primary_temporal_sensitivity,False,0.555606407322654,0.555335911760493,0.629061784897025,0.635681881060028,-0.00697940503432404,-0.014097594003484,-0.00858123569794,0.00174848639540903,5
8,post_primary_temporal_sensitivity,within_experiment,experiment3,EEG,16,187,0.529411764705882,0.528775743707094,0.528319192845678,0.629233409610984,0.613026783622937,0.526278409090909,0.53125,0.390664589699516,0.780381944444444,0.832128577441077,0.495358838852547,0.571315189435282,0.479475141446972,0.56664663977341,0.5,0.572916666666667,0.338362617774382,0.458844488079323,"0.3,0.4,0.5,0.6,0.7",a8d08dc72b959c50bf936fde52edfc696e5e2e1b23e90209a2a5fab4ca43cd22,924de790ed59d33fa72fc7e09c81e93d97f085d1858256ee2b5185ba8754eff6,True,6,post_primary_temporal_sensitivity,False,0.565617848970252,0.563650505574281,0.604919908466819,0.600294684787601,-0.036842105263158,-0.035331312728603,0.024313501144165,0.0127320988353361,6
8,post_primary_temporal_sensitivity,within_experiment,experiment3,ECG,16,187,0.486631016042781,0.484610983981693,0.477288609364081,0.476773455377574,0.48864014573669,0.489820075757576,0.479166666666667,0.344884282384282,0.423263888888889,0.576335001803752,0.41929693067291,0.528508247669137,0.389056447844588,0.524984855982297,0.416666666666667,0.520833333333333,0.294870693032458,0.394144305449453,"0.3,0.4,0.5,0.6,0.7",c04a9ce1b958f9fd4e6d272ab369cb377e83e9770b6f6bd9fcf599635e85191a,8be64c15cb7d62e9e93346bbb2a1c3c2d9ff0e4a055c7c98501e81b92f2f0975,True,7,post_primary_temporal_sensitivity,False,0.504118993135011,0.474847374847375,0.481807780320366,0.509989946189971,-0.019508009153318,0.00244123451670603,-0.00503432494279199,-0.0213498004532809,7
16,post_primary_temporal_sensitivity,within_experiment,experiment3,Pupil,16,187,0.67379679144385,0.675514874141876,0.670746139414057,0.718878718535469,0.75054035628628,0.667850378787879,0.677083333333333,0.601801323676324,0.850694444444444,0.86550738035113,0.594725198391659,0.764535361842105,0.579982704776615,0.760679334878111,0.598958333333333,0.765625,0.485946384344822,0.722571074758575,"0.3,0.5,0.6,0.7",b04b2f170d8c959770800cc9daf07a50eb68b620ae376ff9ac530d516f425b99,d8bce9ddfc66a38337609914e65be2ac8e8274957f3bbc2249b6516d87b17417,True,1,post_primary_temporal_sensitivity,False,0.600286041189931,0.596669830040549,0.740503432494279,0.777168043506045,0.075228832951945,0.0740763093735081,-0.0216247139588099,-0.0266276872197649,1
16,post_primary_temporal_sensitivity,within_experiment,experiment3,EEG_Pupil,16,187,0.598930481283422,0.599599542334096,0.598517161423296,0.716704805491991,0.69675855698301,0.594460227272727,0.6,0.495838689496778,0.875694444444444,0.887508267195767,0.537803019118624,0.666666666666667,0.530528882659475,0.663808278480183,0.542708333333333,0.663541666666667,0.405062363341315,0.593833689288652,"0.3,0.4,0.5,0.6,0.7",237aed41992fd139127cb5aa6421376cf95d04eb2d67d129e0b1a20164a571a7,742f15a13c3edf32fcd8b884e3e1f928541dc0fbb47ae7312295461b10949d99,True,2,post_primary_temporal_sensitivity,False,0.631693363844394,0.630635788509432,0.698970251716247,0.698986389195481,-0.032093821510298,-0.032118627086136,0.017734553775744,-0.00222783221247091,2
16,post_primary_temporal_sensitivity,within_experiment,experiment3,ECG_Pupil,16,187,0.593582887700535,0.594679633867277,0.592171717171717,0.669450800915332,0.652174945599378,0.594933712121212,0.588541666666667,0.48345747389865,0.847222222222222,0.877616567460317,0.524177631578947,0.67582274222488,0.511562628604351,0.67364804964539,0.520833333333333,0.671875,0.388795518207283,0.593237454947014,"0.3,0.4,0.5,0.6,0.7",0ec55d499973f295f94ae85af0d41d30d43a9ab22c9f7fc0fd019d67d506964c,8d3e1e2bc9b818bd4f5d1a3917d00a8a84a4db91d4d69a5205ab24c1429ff2a4,True,3,post_primary_temporal_sensitivity,False,0.588729977116705,0.588046805710525,0.631235697940503,0.606217258020725,0.00594965675057191,0.00412491146119198,0.038215102974829,0.045957687578653,3
16,post_primary_temporal_sensitivity,within_experiment,experiment3,ECG_EEG_Pupil,16,187,0.593582887700535,0.592963386727689,0.592639302912176,0.682837528604119,0.699192086451252,0.589251893939394,0.596875,0.492264292080469,0.864930555555556,0.9037619498557,0.537228132387707,0.65661980459938,0.528915229885057,0.654120366653833,0.544791666666667,0.659375,0.407140867710721,0.588687959558823,"0.3,0.4,0.5,0.6,0.7",2b3120ece11fd065910df71ee41dad274a787ddda67bb77a3a0af53c218b7a7f,adf3a5423c2e8a3006ab755d7540ecc1e58774c02c63619fe2a4dfed47d7502c,True,4,post_primary_temporal_sensitivity,False,0.611155606407323,0.606746751937315,0.670823798627002,0.675446881190118,-0.018192219679634,-0.0141074490251389,0.0120137299771169,0.023745205261134,4
16,post_primary_temporal_sensitivity,within_experiment,experiment3,ECG_EEG,16,187,0.582887700534759,0.583466819221968,0.582589285714286,0.685354691075515,0.701190583849737,0.578361742424242,0.583333333333333,0.473742816619655,0.779861111111111,0.832983555796056,0.51867483729485,0.658352095890105,0.508667893279193,0.656212696690179,0.520833333333333,0.65625,0.383646813128661,0.580740907376937,"0.3,0.4,0.5,0.6,0.7",538d7762d5587eb20c987d22cd19403ee4c7282b2c08c7894367a0ed119438f3,8ccde4e66360c3fbf9e44dd3d06814985bda7c0a7037ba0dceafadff47af5421,True,5,post_primary_temporal_sensitivity,False,0.555606407322654,0.555335911760493,0.629061784897025,0.635681881060028,0.027860411899314,0.027253373953793,0.05629290617849,0.065508702789709,5
16,post_primary_temporal_sensitivity,within_experiment,experiment3,EEG,16,187,0.529411764705882,0.529118993135012,0.529075091575092,0.648741418764302,0.646341141169539,0.526278409090909,0.53125,0.407001270788035,0.824652777777778,0.874644510582011,0.473956307321316,0.583333333333333,0.464036714243611,0.578537148531081,0.479166666666667,0.583333333333333,0.344680213322217,0.479928381973419,"0.3,0.4,0.5,0.6,0.7",af693af4eb018b4048e6e5f37b77815e695a4b96b10c7ecf487d0c48c7e764ac,87a9cd1ef69c305096ca7139d164b1a20d9f23b71506943dbc32b868006746d4,True,6,post_primary_temporal_sensitivity,False,0.565617848970252,0.563650505574281,0.604919908466819,0.600294684787601,-0.03649885583524,-0.034575413999189,0.043821510297483,0.0460464563819381,6
16,post_primary_temporal_sensitivity,within_experiment,experiment3,ECG,16,187,0.486631016042781,0.484096109839817,0.47212420606916,0.486727688787185,0.497756277662126,0.489820075757576,0.479166666666667,0.338880023163111,0.457986111111111,0.591834114959115,0.428396381578947,0.528947368421053,0.392245871589551,0.519130620870146,0.427083333333333,0.520833333333333,0.298066822882999,0.388020833333333,"0.3,0.4,0.5,0.6,0.7",66d339f93d9e60b8b994805a991c14e8e1d1d8236bdd81d77730b6e881c04478,4659fb8c760fc5e0b6ce31e5f31896bc4e240c1bc917f733c4b8ffcb61ad55ac,True,7,post_primary_temporal_sensitivity,False,0.504118993135011,0.474847374847375,0.481807780320366,0.509989946189971,-0.020022883295194,-0.00272316877821499,0.004919908466819,-0.012233668527845,7
24,post_primary_temporal_sensitivity,within_experiment,experiment3,Pupil,16,187,0.647058823529412,0.648340961098398,0.645344827586207,0.717505720823799,0.748206988841337,0.641808712121212,0.651041666666667,0.562106536233374,0.817013888888889,0.85758890993266,0.563439645308924,0.74308209382151,0.551255980861244,0.740051429631388,0.567708333333333,0.744791666666667,0.445400102348632,0.689682732631951,"0.3,0.5,0.6,0.7",051c44ac7229b3abe3082b76caf8c3bf0f93a860eb2e005078389d98b0adf087,808ca917acfcf43a229b35072e18d508296763dd0279aa9de3ed7988b306551d,True,1,post_primary_temporal_sensitivity,False,0.600286041189931,0.596669830040549,0.740503432494279,0.777168043506045,0.048054919908467,0.0486749975456581,-0.0229977116704799,-0.028961054664708,1
24,post_primary_temporal_sensitivity,within_experiment,experiment3,ECG_EEG_Pupil,16,187,0.620320855614973,0.620308924485126,0.62027742027742,0.721109839816934,0.717253966925775,0.614820075757576,0.623958333333333,0.538887006580021,0.873263888888889,0.889413855820106,0.552834663120567,0.695200884344012,0.547327006805955,0.692504801433308,0.560416666666667,0.696875,0.445284210019964,0.641124272862554,"0.3,0.4,0.5,0.6,0.7",809683288776fdaf32c5ea6451031c63127520729fa59360e102197c89c2e478,4b6c573c7d54f225c13551875ca5ddc8a5a514b115b9e197f56099ac45525fe2,True,2,post_primary_temporal_sensitivity,False,0.611155606407323,0.606746751937315,0.670823798627002,0.675446881190118,0.00915331807780295,0.0135306683401051,0.050286041189932,0.0418070857356571,2
24,post_primary_temporal_sensitivity,within_experiment,experiment3,ECG_Pupil,16,187,0.593582887700535,0.595022883295194,0.590950955560672,0.67116704805492,0.64927858519039,0.596590909090909,0.602083333333333,0.497283598754187,0.870833333333333,0.890600198412698,0.531803860118336,0.670456454667644,0.518764924063481,0.663363180193487,0.536458333333333,0.677109375,0.406210609243697,0.602533794330669,"0.3,0.4,0.5,0.6,0.7",3ced0aa1a2eb2165d247ed19b057baad1fa53b20eed673561d1e080dca868fa9,abb169d8f94cd45b379f43decaf224861bfd4fd4c98b551f46b77530e798a64e,True,3,post_primary_temporal_sensitivity,False,0.588729977116705,0.588046805710525,0.631235697940503,0.606217258020725,0.00629290617848899,0.00290414985014698,0.039931350114417,0.0430613271696649,3
24,post_primary_temporal_sensitivity,within_experiment,experiment3,ECG_EEG,16,187,0.582887700534759,0.581407322654462,0.578536754507628,0.684553775743707,0.669947628861544,0.579308712121212,0.585416666666667,0.482070839699516,0.817708333333333,0.86365860990861,0.525519834559739,0.644743348756507,0.510190080368466,0.641346209876633,0.533333333333333,0.644791666666667,0.395450427330023,0.576672087869239,"0.3,0.4,0.5,0.6,0.7",432dfd02b50488f2b43ed5e9a78c5aaf9c68b64421b4673ff3ffc6aa9746e188,90873a95970bd8f14bef80e150eb04eedc015e5c0bd4b371e0dcdc9b612dd214,True,4,post_primary_temporal_sensitivity,False,0.555606407322654,0.555335911760493,0.629061784897025,0.635681881060028,0.0258009153318081,0.023200842747135,0.055491990846682,0.034265747801516,4
24,post_primary_temporal_sensitivity,within_experiment,experiment3,EEG_Pupil,16,187,0.572192513368984,0.571910755148741,0.571886446886447,0.680377574370709,0.694652266759082,0.568892045454545,0.575,0.473959312746077,0.819444444444445,0.860028108465609,0.487602189231455,0.653541607074752,0.481835199063422,0.650709101824234,0.494791666666667,0.653125,0.378193242113279,0.576901721899424,"0.3,0.4,0.5,0.6,0.7",3e6fa87e53e5ba211f6655f5a7100227f7aa5d5a51f3f497e950beb47b587c32,8dce635d26e31efefdd29958b4b5e3505c24e2ecc38e046ca2abb802595791b5,True,5,post_primary_temporal_sensitivity,False,0.631693363844394,0.630635788509432,0.698970251716247,0.698986389195481,-0.059782608695653,-0.0587493416229851,-0.018592677345538,-0.00433412243639897,5
24,post_primary_temporal_sensitivity,within_experiment,experiment3,EEG,16,187,0.524064171122995,0.522826086956522,0.520554259211246,0.626659038901602,0.629996154868214,0.521070075757576,0.526041666666667,0.397551406926407,0.773263888888889,0.831315761784512,0.463541666666667,0.584558775972189,0.443547853147661,0.581049372088045,0.46875,0.583463541666665,0.329882464349376,0.4803973293863,"0.3,0.4,0.5,0.6,0.7",9f3d895243621ddc69bf8f989e77033d0d8384a1520cf8a92508acaf36e967bd,486fba2f133a4770f9992c021927f5d1a7958bed95041cb825a6443f5299a1f0,True,6,post_primary_temporal_sensitivity,False,0.565617848970252,0.563650505574281,0.604919908466819,0.600294684787601,-0.04279176201373,-0.043096246363035,0.021739130434783,0.0297014700806131,6
24,post_primary_temporal_sensitivity,within_experiment,experiment3,ECG,16,187,0.46524064171123,0.462528604118993,0.448051948051948,0.466475972540046,0.476699468916995,0.467566287878788,0.460416666666667,0.33691104646987,0.45,0.589859683140933,0.391732864408361,0.51705287033107,0.361090543558735,0.506531812666339,0.391666666666667,0.5125,0.286008044243338,0.392988041370394,"0.3,0.4,0.5,0.6,0.7",7ff53748392e2ef7434e28baa48f240c88605b9344557f0d9b86e00b7000c5b6,06b1ae27801d5d9e47e1888b5ed744413498aaaa167104cd642447a1eee6b0a7,True,7,post_primary_temporal_sensitivity,False,0.504118993135011,0.474847374847375,0.481807780320366,0.509989946189971,-0.041590389016018,-0.026795426795427,-0.01533180778032,-0.033290477272976,7
32,post_primary_temporal_sensitivity,within_experiment,experiment3,Pupil,16,187,0.631016042780749,0.632894736842105,0.626746506986028,0.713844393592677,0.737613760848731,0.63186553030303,0.6375,0.571173924115101,0.801736111111111,0.841782407407407,0.572912971967963,0.705232267175836,0.559212072315384,0.699712648444023,0.577083333333333,0.708333333333333,0.486347246503497,0.663695191909806,"0.4,0.5,0.6,0.7",f9bc96fd9b24b900532dddb66c37198c5b05801b3261d177aabb7b76feca3111,6bc075a21ae10584888b11055e27e352cb02af081c6b9ed1014304803fa338db,True,1,post_primary_temporal_sensitivity,False,0.600286041189931,0.596669830040549,0.740503432494279,0.777168043506045,0.0326086956521739,0.030076676945479,-0.0266590389016019,-0.039554282657314,1
32,post_primary_temporal_sensitivity,within_experiment,experiment3,EEG,16,187,0.614973262032086,0.614016018306636,0.613103448275862,0.6720823798627,0.638909196843733,0.617424242424242,0.617708333333333,0.523503151260504,0.846180555555556,0.877792433261183,0.557286500506073,0.678033781717544,0.542673806987138,0.675906390769474,0.557291666666667,0.683333333333333,0.432462141106443,0.619599964985994,"0.3,0.4,0.5,0.6,0.7",829a9234c53339c2b70152238540733a9606aa6d56259e96169666def80fcb9c,c55909259593bd1c027f5622a5e0ba087b343fe05523b98defbecafff340488d,True,2,post_primary_temporal_sensitivity,False,0.565617848970252,0.563650505574281,0.604919908466819,0.600294684787601,0.048398169336384,0.0494529427015811,0.0671624713958811,0.0386145120561321,2
32,post_primary_temporal_sensitivity,within_experiment,experiment3,ECG_Pupil,16,187,0.593582887700535,0.595881006864989,0.586186815746564,0.659153318077803,0.650985367669086,0.599668560606061,0.603125,0.516406183685596,0.847569444444444,0.8798318001443,0.540330913901602,0.659813598874231,0.513348280676353,0.653349163180495,0.541666666666667,0.670833333333333,0.427986359535073,0.613754972050009,"0.3,0.4,0.6,0.7",3d0678861eb8b941ff3f57c07d75fdf98ae763a56d78cf087496e2491899126b,42c9ef7328bdf9f94ece05f5a5c1a03b127936e3f3e87cc72b15fd14fe6e6a6c,True,3,post_primary_temporal_sensitivity,False,0.588729977116705,0.588046805710525,0.631235697940503,0.606217258020725,0.00715102974828397,-0.00185998996396108,0.0279176201372999,0.044768109648361,3
32,post_primary_temporal_sensitivity,within_experiment,experiment3,EEG_Pupil,16,187,0.582887700534759,0.58312356979405,0.582875772134523,0.687871853546911,0.713008770839615,0.591856060606061,0.589583333333333,0.489955510176098,0.802777777777778,0.83772095959596,0.507450657894737,0.663293948487122,0.501238350873377,0.65886237710392,0.510416666666667,0.673958333333333,0.387455028886555,0.603626877870903,"0.3,0.4,0.5,0.6,0.7",884925ab32099cfec8df2c678238fa1852a2cb3f5729d2d9c4cfc87473c52efb,94108af913ed2d872e46a496c872bb074463963be13eaf8e3e953f084d80fbbd,True,4,post_primary_temporal_sensitivity,False,0.631693363844394,0.630635788509432,0.698970251716247,0.698986389195481,-0.048569794050344,-0.047760016374909,-0.011098398169336,0.0140223816441341,4
32,post_primary_temporal_sensitivity,within_experiment,experiment3,ECG_EEG_Pupil,16,187,0.582887700534759,0.582437070938215,0.582302405498282,0.694050343249428,0.695866226474065,0.583570075757576,0.572916666666667,0.463705004146181,0.860243055555556,0.868585031866282,0.525039563114346,0.653689723474426,0.515957446808511,0.651406780933224,0.515625,0.645833333333333,0.380854521295698,0.563171648612825,"0.3,0.4,0.5,0.6,0.7",38d23d6a230da4c96f9388c2ccbad42ac558ce924d97bf18e4d4f70b5cf6472d,121d921cbe1be2aca1f073a965ac1d07374faea37ba9a032c266868a52f72da5,True,5,post_primary_temporal_sensitivity,False,0.611155606407323,0.606746751937315,0.670823798627002,0.675446881190118,-0.0287185354691081,-0.0244443464390329,0.023226544622426,0.0204193452839471,5
32,post_primary_temporal_sensitivity,within_experiment,experiment3,ECG_EEG,16,187,0.566844919786096,0.565102974828375,0.560765550239234,0.642906178489702,0.614880800484676,0.562736742424242,0.567708333333333,0.450337989216666,0.824652777777778,0.858623511904762,0.496591859909156,0.642615573712507,0.479860963421571,0.638203299662758,0.505208333333333,0.640625,0.361227901999961,0.556173619578951,"0.3,0.4,0.5,0.6,0.7",7543db86dbbf166fd0c615e205761dbb4a66b5e0d6a0f08d560dbd9fb6b0d6f3,a0995244a0f792539c56486ec977fef07639f2866afd90b1943a97279fcf1ffa,True,6,post_primary_temporal_sensitivity,False,0.555606407322654,0.555335911760493,0.629061784897025,0.635681881060028,0.00949656750572103,0.00542963847874101,0.013844393592677,-0.020801080575352,6
32,post_primary_temporal_sensitivity,within_experiment,experiment3,ECG,16,187,0.454545454545455,0.452002288329519,0.439131968948483,0.469221967963387,0.486684984158535,0.458570075757576,0.451041666666667,0.338368902339491,0.442361111111111,0.582085888648389,0.381658293096044,0.506237222501587,0.352870396757544,0.498876117768237,0.383333333333333,0.503125,0.287402874902875,0.386139514080691,"0.3,0.4,0.5,0.6,0.7",3d0a99f3895705ebcf9162c718da5602f8afbf93d2a1225e9c47b4aa6cf0ebf8,8152973ddc547fbdd73c01d2c91128d4b7aa59a01539d406db452c2becd4883e,True,7,post_primary_temporal_sensitivity,False,0.504118993135011,0.474847374847375,0.481807780320366,0.509989946189971,-0.052116704805492,-0.035715405898892,-0.012585812356979,-0.0233049620314359,7
